genre,artist,track,song_id
Reggaeton,"Héctor ""El Father""",El Teléfono,614NVFo5csQqRnryl4jXs2
Reggaeton,Don Omar,Dile,69Ej1xrGjOcHvIMtMKxK0G
Reggaeton,J Alvarez,Luz Prendia - Reloaded,6myYePkCSAiDUBJtNp4jVg
Reggaeton,Marc Magán,ALTAMAR - Remix,06455EyunGQm3ytRvTEoWc
Reggaeton,Wisin & Yandel,Pam Pam,2NKRbRdRIcaGCXTq7xEpWV
Reggaeton,ELENA ROSE,TUTUTU,6Og7yuXfE5KyE8dSHU8yap
Reggaeton,Zion & Lennox,La player (Bandolera),0VKkyBKCXyR99navhVRqcP
Reggaeton,El Malilla,Balenciaga,4VGFK69hVzkQ4K5qR4ypdF
Reggaeton,Don Omar,Dale Don Dale,1PZrHbJjt5t7dP9OGRxcD0
Reggaeton,Aventura,Ella Y Yo - Featuring Don Omar,6G4U9avyBNEfP0fAIduev3
Reggaeton,Fer Ariza,VUELA ALTO,5L0J5ypqXV2OR7xpK2qLap
Reggaeton,Tego Calderón,Pa' Que Retozen,5YJ4BVvTFmVCxUyhKejHfR
Reggaeton,Boy Wonder CF,Texteando,3rKpnMQ8ko9X116yIj5V9S
Reggaeton,Fuego,Una Vaina Loca,6YYmoV9YbBefsspGmqFHbs
Reggaeton,Wolfine,Escápate Conmigo - Remix,4aEOz6ZpXh3wF4FOdJHOPV
Reggaeton,Dany Ome,Paciente,3tAM927dsz0sT2xYcaPD9W
Reggaeton,Calle 13,Atrévete-Te-Te,1q8NdCAQ9QUjpYiqzdd3mv
Reggaeton,Fresh Bodden,LAS XII,040CeSVj4n3aDCEsscMvJL
Reggaeton,Tego Calderón,Punto y Aparte,388YhDYxPvaDIZQHWqpB4E
Reggaeton,Wisin & Yandel,Rakata,1kQqiC1rS1FiuVpeBKN0QN
Reggaeton,Carlitos Rossy,Para No Molestar,6A844n6sWp3ziSN1eeoNy1
Reggaeton,Yandel,Encantadora,7LABrQFfRYcZUqUwng0Heb
Reggaeton,Daddy Yankee,Perros Salvajes,4oROqjxNSBrVxrcSaW77Mc
Reggaeton,José de Rico,Obra de Arte,2Ps1M0KOSIReGSZq6x3WSQ
Reggaeton,J Alvarez,La Pregunta,2Ob4mHihtOGbx6jnCredFX
Reggaeton,Tainy,Adicto (with Anuel AA & Ozuna),3jbT1Y5MoPwEIpZndDDwVq
Reggaeton,Marc Magán,Qué Trae?,3ycu9wIC3tYtcCINPW1OE7
Reggaeton,Don Omar,Guaya Guaya,79zvVrn65ksbiGQxrtV4I5
Reggaeton,"Héctor ""El Father""",Noche de Travesura,722VXxX3L2sU3cwB9f5y9V
Reggaeton,Armez,PARCE,6apF3EZwfAXQgSJcZO6Nu6
Reggaeton,Maluma,Borro Cassette,6DUdDIRgLqCGq1DwkNWQTN
Reggaeton,Plan B,Te Dijeron,7f3HHxwVIJdQJmJxjEsOm0
Reggaeton,Menaay,Carisimo,48foqxL1HWZxhx0oVPrnes
Reggaeton,Arcángel,Hace Mucho Tiempo,0a6ogDrZBvYgDjILgsQVaJ
Reggaeton,Wisin & Yandel,Besos Mojados,0cpzO8YjhyR8JfLzfm5cOr
Reggaeton,Kevin El Padrino,Enfermera,36JCAC8xtHQeqCocsBUcST
Reggaeton,Anuel AA,Sola (Remix),5q2JbCNi4FcnglgPfxcV65
Reggaeton,Anuel AA,China,2ksOAxtIxY8yElEWw8RhgK
Reggaeton,J Alvarez,Bailando Así,77hVJfkN7uMRsWRgM1U1gh
Reggaeton,Daddy Yankee,Tu Príncipe,2FNqnsX74ZlwduUAcnmzee
Reggaeton,Gavetti,OTRA NOCHE,4tMhyqFW6BJbDwlNP3l2lI
Reggaeton,Cali Y El Dandee,Por Fin Te Encontré,2DAULesb1U4Qz4FSTZpEUJ
Reggaeton,Nicky Jam,Hasta el Amanecer,5Fim1gaXBgsiFfsQAfQSDS
Reggaeton,Bad Gyal,La Iniciativa,0xkAVq1FYLRl2XMOBLmGLX
Reggaeton,Don Omar,Salió El Sol,48NXpYRuvv9izul4oXhqS9
Reggaeton,Luny Tunes,Mayor Que Yo 3,4777sGsOdoM89vPH3CVoLe
Reggaeton,Carlitos Rossy,Mary Jane,3MtBtDJNwXHfXl7e9Pl2ug
Reggaeton,Don Omar,Virtual Diva,5nJaS3PEpyPfaWiLxIGtRX
Reggaeton,Nicky Jam,X,5YUyW9opqNsMSEzzecZih1
Reggaeton,LonZack,Mala Vida,3oC1e6vQoIxLuCQ2z83BQ8
Reggaeton,Wisin & Yandel,Me Estas Tentando,7JVIiaJPFiZypYSOMREhhA
Reggaeton,Manuel Luces,Malvada,5KHJnXnyNt320CevEwSqJ4
Reggaeton,Daddy Yankee,Pasarela,7uUYUy2qLfev9ppNvFBHpX
Reggaeton,LonZack,Perreo de Emergencia,43G4Ec6LGdzl4qd62qqBpG
Reggaeton,"Franco ""El Gorilla""",Sexo Seguro,5pOu3vSiKrEmj65N1CWqOI
Reggaeton,Daddy Yankee,Con Calma,5w9c2J52mkdntKOmRLeM2m
Reggaeton,J Alvarez,Loka Loka,1FGOKC8KyS9rlFGIwOWi3Q
Reggaeton,Nicky Jam,Yo no Soy Tu Marido,2h9ymIolsmYaqwtxn69fXj
Reggaeton,J Alvarez,Junto Al Amanecer,1HPzBInBPVJfSUDNLsTGGn
Reggaeton,Ken-Y,Grandes Ligas,4ibM15u7bzwzIOUFLs6KQk
Reggaeton,Bad Bunny,Callaita,71wFwRo8xGc4lrcyKwsvba
Reggaeton,Michael ''El Prospecto'',Cositas Locas - Urban Mix,4yzO59k2aFADrypVJd5VFn
Reggaeton,Daddy Yankee,¿Qué Tengo Que Hacer?,0Xfo7PfltbOrAiBs0eSCTH
Reggaeton,Daddy Yankee,La Despedida,33a2zTGZocgU9XVDDILHM3
Reggaeton,Kike Gjermysong,Mala,4g9BnNr3ugYEIgTCnKT2Vn
Reggaeton,Daddy Yankee,Ven Conmigo,2QSuNcQxqFfokvbS7SInHG
Reggaeton,Angel Y Khriz,Ven Bailalo - Reggaeton Mix,0e8DgtfJnWTBarF9YGMd0N
Reggaeton,Jake Williams,Mi Polvo Favorito,16EVaRkWN3SNrgepjXDAjy
Reggaeton,Wisin & Yandel,Noche De Sexo,4kAtRwNRLMKuoCbxMSxUGI
Reggaeton,Nicky Jam,El Perdón (with Enrique Iglesias),7qCAVkHWZkF44OzOUKf8Cr
Reggaeton,J Alvarez,Magnate,3dijT42uPCCAibn6XdBlt8
Reggaeton,Don Omar,Danza Kuduro,4sCSUQnWQ6HJsOMjfPicdn
Reggaeton,Daddy Yankee,Llamado de Emergencia,2jnZUvhw2LTvDI6YidRVcO
Reggaeton,Markez,Una Huella,0zK39zIbtjNsgRd92GPHCh
Reggaeton,Maluma,La Temperatura (feat. Eli Palacios),1ozW81PO3FG5BOOx7k76kS
Reggaeton,J Balvin,6 AM,3uvypVUsiIr1B0BccIcsEh
Reggaeton,Sak Luke,El Cambio,1nllJ0Q07VlQtVgh8FT9Lj
Reggaeton,Zion & Lennox,Otra Vez (feat. J Balvin),3QwBODjSEzelZyVjxPOHdq
Reggaeton,Nicky Jam,En La Cama (feat. Daddy Yankee),2Eg6dOam7cAe5turf2bnCg
Reggaeton,David Appleton,Bilingüe - 2025 Remastered Version,1f0JLhO7wbmJdSv4XjRDR2
Reggaeton,Plan B,Mi Vecinita,18DmZ510OB9XATcFbQ8vDZ
Reggaeton,Plan B,Si No Le Contesto,6NdKkfo7o6IH1Op0jsBDjN
Reggaeton,DJ Valdi,CUÉNTALE,3P5iEVUXSgcqCleSXnXUui
Reggaeton,Juan Magán,Si No Te Quisiera,56J9sf5j7T8cPg1fOGmBRs
Reggaeton,J Alvarez,Letanía,5AGNKPanT6xiQvDwCTZa6j
Reggaeton,El Fisico,Par de Tragos,22vqFUCl4M8KwRIig9NRGg
Reggaeton,Wisin & Yandel,Abusadora,6Zdjh0uRQPt22BPckJgvEj
Reggaeton,Manuel Luces,ZUMBA,06KU3dA2jzIDbkn9r9gzzE
Reggaeton,IAmChino,Ay Mi Dios,4L4MttVsY1WaxSDzFiQefU
Reggaeton,Don Omar,Hasta Abajo,0Z2OhR9OoUdZ9rhEy9ECkq
Reggaeton,Lyto mc,Que Vamos Hacer,3jMpAvsdSp0vCvFOOy2w0g
Reggaeton,N.O.R.E.,Oye Mi Canto,3J6vrRMz6EfwH2sgYiyNhc
Reggaeton,Daddy Yankee,Salgo Pa&apos; la Calle,5hpwyyJJ2JyozFVVRJsfLp
Reggaeton,AM,Odiarme,40ZoHYA4BraWwWFuYIzTDy
Reggaeton,Nova y Jory,Aprovecha (feat. Daddy Yankee),09qIdioXLJPGXAM9zsy20v
Reggaeton,Wisin & Yandel,Pegao,7uEJAAtb6rCp4QYQRIyWy2
Reggaeton,DJ Valdi,Rápido Lento,1fQLpxhtp9MurIM7qITd4l
Reggaeton,Alex Gargolas,Soy una Gargola,1Hu8EMKCGD25srDybGOtBC
Reggaeton,Jake Williams,24 Horas,1AdCcBZgUC74vgZGyvuNZS
Reggaeton,Tony Dize,Solos (feat. Plan B),2ItA7kOg5NH6AygzU30sEv
Reggaeton,Sak Luke,Tu Perro,3SNhGCcSEpSyi8ImxmatA5
Reggaeton,J Alvarez,"Sexo, Sudor y Calor",4eDjNcAyIuJFhQ31Fvvoc1
Reggaeton,Watussi,Dale Pal Piso,5ApsoGGyfr6UTNXtTwcBjf
Reggaeton,Jake Williams,Prendia,5psWSKKuQeKBnxWdz4GbHD
Reggaeton,Daddy Yankee,La Nueva Y La Ex,6WuufZDBNoEJBTinRiznhO
Reggaeton,Lyto mc,La Canaria,38Y6IPmF8ZXnsNHXFXRnix
Reggaeton,Ivy Queen,Quiero Bailar,5JLV62rg4jtnoElc4P9F6K
Reggaeton,"Tito ""El Bambino""",A Que No Te Atreves,3H7UaBpIlxh6gCC9LBDzsM
Reggaeton,J Alvarez,Regalame Una Noche,534weu3DIwV9UELLTGanOC
Reggaeton,DGV,Beretta,04tWCddOXwHizlMu3le7Re
Reggaeton,Boy Wonder CF,Freakytona,5Ps2ZqATo5drFSEHtpp8lt
Reggaeton,Farruko,Chillax (feat. Ky-Mani Marley),1lxswgIpzV6HhENRvkflES
Reggaeton,Marc Magán,DONDE ESTÁN LAS MALAS,4OMGf6GTgCNgkpdbVrV7ym
Reggaeton,Arcángel,Me Prefieres A Mi,3GhmL9fuM8jwGcHCFbeo3v
Reggaeton,Latin Fresh,Bata Bata 2,1N1KlnNm1NE4INLOrKN3fi
Reggaeton,Leycang El Grandioso,El Boton - Remix,7gfbowhWmdHdOnOibbFTV0
Reggaeton,Cosculluela,Te Busco,2hi1aFllOFRNH8gIHxQvD9
Reggaeton,Yaga & Mackie,Aparentemente,3AuZYCpYf82OirSYJXZRep
Reggaeton,Zion,Alocate,6Xc5cfbWz7MUxqAZpxj2bT
Reggaeton,Lyto mc,VICIOSA,0A3DMJnTmoucBRY1WPEkl1
Reggaeton,Ozuna,Si Te Dejas Llevar,3cdecPxEdxk99munEMVQ01
Reggaeton,Plan B,Guatauba,0xJFWROBNTBL4sKEuA5pm6
Reggaeton,El Fisico,Nadie Se Te Iguala,4P1j8cV8QRVONNAuwStlsN
Reggaeton,Don Omar,Ayer La Vi,3gvGnkmg8zVZdBAx4B7Cvq
Reggaeton,Wisin & Yandel,Nadie Como Tu,4aODvtjwLMcNQ8x1xCw0uy
Reggaeton,Marc Magán,Boté El Celular,22xQWC6ZrGFnPujBZGQV6u
Reggaeton,Nicky Jam,Travesuras,1PtL0YQRtq3qxDGUSwZPJ5
Reggaeton,Wisin & Yandel,Sexy Movimiento,1Kgyx7NLtzsa3gWV1efGHu
Reggaeton,Luny Tunes,Métele Sazón,5RqdUkvsV4BOXpFd5zbXFt
Reggaeton,Daddy Yankee,Noche De Entierro,6ksWMnPcHNyNoNf3y1BQCO
Reggaeton,Jacob Forever,Hasta Que Se Seque el Malecón (feat. Farruko) - Remix,6sMPwcpYtxm1mlgYbp1B0t
Reggaeton,Pitbull,Como Yo Le Doy - Spanglish Version,39rEnzsEsUH8vzcM43QSa0
Reggaeton,Hector & Tito,"Baila Morena (with Luny Tunes, Noriega) - Remix",4qbi9JDziBh3cxi9SFUbeu
Reggaeton,Plan B,Fanática Sensual,5ZFpEsxK5VlLkJi3v7ar2Y
Reggaeton,La Nueva Escuela,Dile,7iqssRzxNq4MgSLDCHoGWt
Reggaeton,Big Yamo,Entre la Playa Ella y Yo,1tvdNGCcgAhYaYq7ouIYGJ
Reggaeton,Don Omar,Pobre Diabla,0H0iOExW3XWT5xVdfClsFr
Reggaeton,Alex Gargolas,Donde Estan las Gatas,0tIpUUbOYIWqvI50Ksf7D5
Reggaeton,Chimbala,Rueda,4yB4AnDLdxyLIXtUWrkdxM
Reggaeton,Vale Pintos,La Vision,0Q8Dq8rnswN0xvMn9ZXlN3
Reggaeton,Najove,Bla x3,5E0aBKXbXdBjgHqmW2o8X1
Reggaeton,Daddy Yankee,Limbo,3pDhN3qB33AOPhQEkUCaWt
Reggaeton,Omega,Si Te Vas / Que Tengo Que Hacer - Original Remix,0OyHCmkCp2qZJ44ZKB26fX
Reggaeton,Danny Romero,Agachate,03ATKw97s9WHuek1TKmhVq
Reggaeton,CNCO,Reggaetón Lento (Bailemos),3AEZUABDXNtecAOSC1qTfo
Reggaeton,Pierre La Voz,Llavecita,4bSy5DVjERR3O0snqNJp1q
Reggaeton,Don Omar,El Señor de la Noche,7o5V0BUS9x8zdXMb2CiGpi
Reggaeton,Danny Ocean,Me Rehúso,6De0lHrwBfPfrhorm9q1Xl
Reggaeton,José de Rico,Rayos de Sol,1d5obgzCOtwq9qaxfe4Hpw
Reggaeton,Fito Blanko,+Madera,6AMrBc0cVwoxNooDBr6T1e
Reggaeton,José de Rico,Noche de Estrellas,2pbLzrByOZPibnYwSXLplI
Reggaeton,Dr. Bellido,La conocí bailando (feat. K-Narias) - Radio Edit,7fZJWsOEdr8aP8okxyTBGd
Reggaeton,Cali Y El Dandee,Yo Te Esperaré,0mGvaKpwLYoybnIoboC3uS
Reggaeton,Sergio Contreras,Princesa de mi cuento,2JkJ0E1KFU6HatD5Y21YfX
Reggaeton,Kenneth,se supone,18E5P8iy7wsMtHE3Gngn4q
Reggaeton,Henry Mendez,Mi Reina,5pl6anmN4tr564vO53AxBv
Reggaeton,DCS,Angelito Sin Alas (feat. Juan Magán) - Remix,3qZRT8P3XzmoHqkXYCybd4
Reggaeton,Buxxi,Como Tu No Hay Dos,5IypFJnPEwFAPDTRz14ijX
Reggaeton,Chino & Nacho,Niña Bonita,4u5xLMRN0dgKBFFN8FiNgv
Reggaeton,Danny Romero,Motívate,6zlgKpuinRi075R2L3juPB
Reggaeton,JMP,Tu Gatita,6lH8KoCMIvLqB8UTPcj7aK
Reggaeton,Dyland & Lenny,Pégate Más,7IUqWSyZP376AhNCmQwYRE
Reggaeton,DCS,Angelito Sin Alas,1cxPnPxqSth7Tf5ez2T9ov
Reggaeton,Cali Y El Dandee,Gol,4uHs0TfECKllxN8zeLWqJu
Reggaeton,Danny Romero,Cosas Locas,0CaAR389dewF3RErTjlc8L
Reggaeton,Los Guapos de Mamà,¿Por qué me dejaste? - Radio Edit,18lgn8rdbI0NnkdvUg2neX
Reggaeton,Maluma,11 PM,7KbF6AdprOXEEHlsq11Z6d
Reggaeton,Najove,Obsesionado,4Qz816QVdybIf2W0EtuwYW
Reggaeton,Maluma,HP,1LIqNVhaIgxXUt2eVoIQJ3
Reggaeton,Alberto Gambino,Purpurina,5HFvuMLMgS75OaY3UKzqqs
Reggaeton,Najove,Como Yai [ Remix ],0dnS05cp1QdHTO8SQpE21Y
Reggaeton,Atomic Otro Way,Te De Campana,6OdD1XrpFD5BuxiAMFUWZC
Reggaeton,Pitbull,El Taxi - Original Version,0uACB4xtUGiozU7aTU10QU
Reggaeton,Danny Romero,Bandida (feat. Maluma),0Ny2pMza3RVfv9DDzg7NSq
Reggaeton,Fito Blanko,Top Shotta,63Sgk8jwUUY6DNIxr3jAy0
Reggaeton,Eddy Lover,Perdóname,4JOcMuy5myeEaNCKlu5j19
Reggaeton,Jahmois,Hipnótica,7w43p2LZxNdhp744V4DqzQ
Reggaeton,Flex,Te Quiero,1Z4IqxukC6Yuer0nK7rC2R
Reggaeton,Angel Y Khriz,Na De Na,2Jz1X6ZB0gkkCVgmeVGVGp
Reggaeton,Fraag Malas,Ella Me Pone,2HABwBFlJTAQO39ivDMWsb
Reggaeton,Wolfine,Escápate Conmigo,4H8uyGio3kOgc5b1eMyEUQ
Reggaeton,Los Guapos de Mamà,Vibra Alegria,3vKEfvNvfrnnIWdGH7aPWx
Reggaeton,Maía,Fiesta de Verano (feat. Maluma),5WV8NMDCcXekTjAZWhJi3x
Reggaeton,Pitbull,Echa Pa'lla (Manos Pa'rriba),4pg1CRAajCYbb1q2sZypPf
Reggaeton,Nicky Jam,Travesuras - Remix,10FGfSjxqptnIGZqAKx9cn
Reggaeton,Abraham Mateo,Señorita,2i3vslhuXq4h2tYajAbHzS
Reggaeton,Najove,Amiga Mia ( Merengue Remix ),1yppOC90Vp62t3dmnkh9rJ
Reggaeton,El Doctor Benckly-B,TUS POSES,0UvyVA6k5ufivnRiopJ4Vk
Reggaeton,Chino & Nacho,Tu Angelito,77VXEopCatM9pqJl0beeCj
Reggaeton,Abraham Mateo,Loco Enamorado,4N1c5rmWOzRmB9SMacr5wB
Reggaeton,J Balvin,Sigo Extrañándote,0k23rRi1B8ZHrKtzECGoyk
Reggaeton,Yandel,Moviendo Caderas (feat. Daddy Yankee),0bdL8X3MrX51dRz231BFtv
Reggaeton,Mach & Daddy,La Botella,1IlJpEiMt4nuLr3cWFQUxa
Reggaeton,Ozuna,Síguelo Bailando,5Y9fnynLlIvqtM710MHzfz
Reggaeton,Shakira,Chantaje (feat. Maluma),6mICuAdrwEjh6Y6lroV2Kg
Reggaeton,Luandi,Aprendiz,2PaGpEzRK1bZlIxoIoGEj3
Reggaeton,Ricky Martin,Vente Pa' Ca (feat. Maluma),7DM4BPaS7uofFul3ywMe46
Reggaeton,Ray Torres,La Nota,2ksdEWTaAZ0XWvoOyk5PQf
Reggaeton,Daddy Yankee,Lovumba,6oyl7ELfrMqXLhGmIjXY9R
Reggaeton,Daddy Yankee,El Ritmo No Perdona - Bonus Track,0RIKUQ7y8q3XDrErHivJdu
Reggaeton,Sam Baby,Asi Queria Verte,5srRhGXf87sRbCVZtZbQNT
Reggaeton,Wisin,Escápate Conmigo (feat. Ozuna),2cnKEkpVUSV4wnjQiTWfH6
Reggaeton,Mara Forero,-10%,4YTkcZ3uj4cLmbjtYdJz2D
Reggaeton,Comando Tiburon,Pasado pisado,5RZTA3NhiHR2408da3HMNz
Reggaeton,THE JOHNNY,La Verdad,1dF2Gh3ED6Dy1IHg4t711z
Reggaeton,Piscis OTW,Trinity,5KwFiwz7Pvqx5ak6cUv9uC
Reggaeton,Jowell & Randy,El Funeral de la Canoa,4h3vHJ0w4BzgFSevPFcTdu
Reggaeton,Nen andrade,Mala Costumbre,2taYznG8IaJyleJTRDxxpZ
Reggaeton,Daddy Yankee,Shaky Shaky,7gcMKL3lnDxsp4bIXyv6Zk
Reggaeton,Ritmo Kingz Beats,Dónde Estarás - REMIX,2eDybJzXtRcAM646Gt6hXT
Reggaeton,La Dinastia,Cumbiachela,62sdjcfHevjZ4VwwvRDP86
Reggaeton,DJ Luian,La Ocasión,20pJKlNIU3J1CrvhBr1kQ8
Reggaeton,Jowell & Randy,Guadalupe,6NOEC8iVItnGmq2g8wwDYd
Reggaeton,Artten,Elegancia,2Zhg5BvWxpHJE2fFAem6NG
Reggaeton,Flo Rida,My House,6Knv6wdA0luoMUuuoYi2i1
Reggaeton,Castronovo,NO TE VAYAS,3GLBndhks8EUeXjI5PPG4p
Reggaeton,Wisin,Adrenalina,7v4jrUFU2mJZABndG1cTfr
Reggaeton,Charly Rodriguez,Me Enamoré,1h1t9rYJBwEBy1uEQoduSg
Reggaeton,Hector & Tito,Baila Morena - Original Reggaeton Mix,0kwaKhIcaezQuShga1djFA
Reggaeton,"Tito ""El Bambino""",A Que No Te Atreves (feat. Chencho),0o6vhyTQIJdoGVcSWALFbB
Reggaeton,Dasoul,Él No Te Da,51AfjBNI5b6pQfusccce46
Reggaeton,Plan B,Frikitona,3Vx1vYtr7aykYb2KCJlh0B
Reggaeton,Farruko,Obsesionado,5Jt4zdXTd9y1zxihiNYQI1
Reggaeton,Chris Jedi,Ahora Dice,5LVoGJTyG6fLJgoGkY2QAZ
Reggaeton,J Balvin,Bonita,0atfY1ew83Ql9nNnJiD2t5
Reggaeton,Big Yamo,Tocarte Toa,6LsUo3PX3QeJmWBRcmaf5b
Reggaeton,Dayme y El High,"Practicalo (feat. Kenai, Kevin Roldan & Mackie)",6razrc9pRZCxhk8dEFdMSR
Reggaeton,Farruko,Tacos Altos,66pK7thQ0yw1xlqw8AQSlw
Reggaeton,Ozuna,Dile Que Tu Me Quieres,5u5MvmVtitax9R1Mxh3reC
Reggaeton,El Villano,Amigo,37C8Uj8uwV4rlmt9II7mM8
Reggaeton,Ozuna,No Quiere Enamorarse,0blbSxZHy1pPxAB2ZZLx9E
Reggaeton,Ozuna,Unica,6752EZMgXswvRBH3N2PilO
Reggaeton,El Villano,Chica Real,4Yt1FcryC8OCOHHxooWRFt
Reggaeton,Joey Montana,La Melodía,2sH1DIngiSA8EQfkcQXpBq
Reggaeton,Ozuna,Se Preparó,1m69ELEgE6k5ZWsap40ozt
Reggaeton,Justin Quiles,Si Ella Quisiera,2mnetxJJgXe4LeJGuUbsLB
Reggaeton,Wisin,Vacaciones,3dQDid3IUNhZy1OehIfYfE
Reggaeton,Joey Montana,Hola,0jNTppylB9OQUykHr26Myu
Reggaeton,R.K.M & Ken-Y,Te Regalo Amores,4AiFptVAo3ZJU474Vckk7I
Reggaeton,Baby Rasta y Gringo,Me Niegas,1o6DL0otgQMsUebziSC7kA
Reggaeton,Flo Rida,GDFR (feat. Sage the Gemini & Lookas),6N9ZOtguCnnrvwH7zD82WJ
Reggaeton,Ritmos Latinos,Yo Soy Tu Gatita,6pbvHpoZ7GFHzU8XWWOMMP
Reggaeton,#TocoParaVos,Sólo necesito,7kK1cPOZ9RxZcgamiYysxw
Reggaeton,Mano Arriba,Llamame Más Temprano,479HlIMoqsQiMr858eRAoV
Reggaeton,Makano,Te Amo,5dg6uTb8a3zfhFaA9JCxvg
Reggaeton,Jowell & Randy,Vamo a Busal,0ySExWMtzlVKO70rPYEz84
Reggaeton,"Franco ""El Gorilla""",Psiquiatrica Loca,6V2zErZPoNR13FyNLEpACY
Reggaeton,Joey Montana,Picky,2p8ltfqJwkWXKW7ECRwmjY
Reggaeton,Jowell & Randy,Chulo Sin H,3JrDGB9yr55ZIp7NJJYft7
Reggaeton,Maikel Delacalle,Ganas,4f5Bw7pvjyCW5mEeyyoKve
Reggaeton,Los Nota Lokos,Mi Nena Facebook,1o8ShSYbZPEyT1Mx76xiDf
Reggaeton,Los Nota Lokos,Sexy Soltera,3WZCUO10KxZp5XExAAmbd7
Reggaeton,El Reja,Soltero Hasta la Tumba,6JtV50W4szsOD04QREQgXk
Reggaeton,aLee DJ,Quien Dijo Amigos - Remix,0lQ29xi6haU9wa6aB2D7UV
Reggaeton,Yandel,Como Antes (feat. Wisin),5YzA563GXTuwQaRq24z1k5
Reggaeton,J Alvarez,Juntos Al Amanecer,4jmemE2eJDUcW5YUiAK922
Reggaeton,RC BAND,Jamas,3bdgsOwSmdtKfo0K02BT8P
Reggaeton,Justin Quiles,Si El Mundo Se Acabara,4aCk50WpvliyFaoRlOe8IM
Reggaeton,Daddy Yankee,Pose,5BB5zjzCzo9M3uOKzhiXZB
Reggaeton,Gusttavo Lima,Balada,6d63QA85w4FXhlXYtz7nco
Reggaeton,Daddy Yankee,Hula Hoop,7ztcWZ0EB6akSzlb8BUaqG
Reggaeton,Paulo Londra,Cámara Lenta,0DFxA6i4yu8AORcdPrDEmd
Reggaeton,MC Kevinho,Olha A Explosão,6Q4foUefrAyCt8VxJFML56
Reggaeton,MC G15,Deu Onda,0EPxmvsG1BY5td4aTOkWBF
Reggaeton,Mc João,Baile de Favela,5oNdTrafZ0joNCikz1Vdjd
Reggaeton,MC's Zaac,Bumbum granada,4SdTyIjA6FuADAN9W8sZjq
Reggaeton,MC Fioti,Joga O Bum Bum Tam Tam,30GqVivI3eb7OgonUemcjf
Reggaeton,Ozuna,Tú Foto,5zSOVwaY3sVjnmLhuEfsuf
Reggaeton,Leka el Poeta,Ella Quiere Hmm... Haa... Hmm... - Yayo Remix,0QN1rkBy3D6j9Yw3Czlcsc
Reggaeton,Boy Wonder CF,Siente el Boom (feat. Tito el Bambino & Randy),3iT5FD6ZtGffWLyFgdEO65
Reggaeton,Super Yei,"Lean (feat. Towy, Osquel, Beltito & Sammy & Falsetto)",5DoLhdU27owX1NMrKLUbUl
Reggaeton,RD Maravilla,El Goloso,68QtlyBrzD98s4phcL1fx2
Reggaeton,Don Omar,Taboo,4cyYC67XY3weSVmSLdKLP8
Reggaeton,Daddy Yankee,Llegamos A La Disco,4nfn4q3ygnHhriDyYW6Fkf
Reggaeton,Mano Arriba,La Noche No Es para Dormir,1lxFHYRFBnRvwd1oU1O0Q6
Reggaeton,Nova y Jory,Bien Loco,4ObjArCiona7v0xbZ83rUZ
Reggaeton,Daddy Yankee,Descontrol,6QjEVK9HXDWHoqFzHWn7Mk
Reggaeton,Tu Papa,Playa,70snghIEJGTcZx8m6bwgXM
Reggaeton,Don Omar,Ramayama,6gokadtiVvFO0nuAoOLX98
Reggaeton,Daddy Yankee,Sábado Rebelde,00C97lUG7Y0TY0KLv7p32h
Reggaeton,Danny Paz,Un Beso,0mDYDLR1KToBR4plxAj4O4
Reggaeton,Charly Black,Gyal You a Party Animal - Remix,2OiYssDDzNY6Od5tzP3BjM
Reggaeton,Daddy Yankee,Sígueme Y Te Sigo,7F7kL3i6SDEIbDcoJZGiig
Reggaeton,Zion & Lennox,Yo Voy (feat. Daddy Yankee),5gflgO9EPbIBf16n5TKnQS
Reggaeton,Najove,Ouyaya,2yJXM9NoqslC7DxyIMdvkS
Reggaeton,Carlos Vives,La Bicicleta,0Gx4VrHzS7pZOEAGrmXXBH
Reggaeton,J Balvin,LA CANCIÓN,0fea68AdmYNygeTGI4RC18
Reggaeton,Sebastian Yatra,Traicionera - Remix,341wMisUIHkGCvq5e8ZcZv
Reggaeton,Nio Garcia,Te Boté - Remix,3V8UKqhEK5zBkBb6d6ub8i
Reggaeton,Becky G,Cuando Te Besé,2XXMDz7SPZ4mSFN1PXfHUy
Reggaeton,Pedro Capó,Calma - Remix,5iwz1NiezX7WWjnCgY5TH4
Reggaeton,Bad Bunny,Amorfoda,68QcquxCS39cQGTsRrJWIR
Reggaeton,Enrique Iglesias,SUBEME LA RADIO,7nKBxz47S9SD79N086fuhn
Reggaeton,Sebastian Yatra,Ya No Tiene Novio,7uQmJ1jgNzBpATSoWKSPFu
Reggaeton,Luis Fonsi,Despacito,6habFhsOp2NvshLv26DqMb
Reggaeton,KAROL G,Culpables,6q8Lb50EtqNeeJXXe8mMAH
Reggaeton,SANTOS BRAVOS,KAWASAKI,1ojKC4x3rDKoaikvEx1Lt2
Reggaeton,Maluma,El Préstamo,2XVilv6s9GETnw9PG4T9Mz
Reggaeton,J Balvin,QUE PRETENDES,25ZAibhr3bdlMCLmubZDVt
Reggaeton,Becky G,Sin Pijama,2ijef6ni2amuunRoKTlgww
Reggaeton,Maluma,Mala Mía,62o8KoI44JfN7aYxgTnPvh
Reggaeton,Carlos Vives,Robarte un Beso,0JcNysfWVWaMS7R6vzGB2k
Reggaeton,Kenneth,Los Ojos No Mienten,4bIuMVU0wXS4lNAi0RgRGq
Reggaeton,Prince Royce,El Clavo (feat. Maluma) - Remix,6bI00brFpeprqCDqKouEJS
Reggaeton,KAROL G,Ahora Me Llama,4jhIWuW51XDplWJRfnG7AU
Reggaeton,Lunay,Soltera (Remix),1c0hsvHLELX6y8qymnpLKL
Reggaeton,Maluma,Felices los 4,0qYTZCo5Bwh1nsUFGZP3zn
Reggaeton,Enrique Iglesias,Bailando - Spanish Version,0bEA0mMgXheXnahvIbIQfg
Reggaeton,Sebastian Yatra,Traicionera,79Jhw5xn4gGn6PZak275gg
Reggaeton,Nicky Jam,El Amante,3umS4y3uQDkqekNjVpiRUs
Reggaeton,Natt Calma,Dejándome,1WJkNihJslzQFzMMx048XX
Reggaeton,6ix9ine,MALA,0LQ1J0BCzA2qnAgp9MkkNE
Reggaeton,Don Omar,Te Quiero Pa´Mi,2rXZir7PFYmCw93pK3iVaW
Reggaeton,C. Tangana,Mala Mujer,6puxHBNwu2Nmm7uD3Rd2MP
Reggaeton,Bad Bunny,Soy Peor,5MT96Zz0ymUJNm8obKZQr0
Reggaeton,Justin Quiles,Loco,6b2HYgqcK9mvktt4GxAu72
Reggaeton,NATTI NATASHA,Amantes de una Noche,2iCOdoyDmWG3hWkbtH1KB2
Reggaeton,Luis Fonsi,Échame La Culpa,1zsG4eaZmkA1dvjDDsAGLK
Reggaeton,Wolfine,Bella - Remix,0SKhd6uBssOAqEvlLuUr3s
Reggaeton,IAmChino,"Ay Mi Dios (feat. Pitbull, Yandel & Chacal)",6stYbAJgTszHAHZMPxWWCY
Reggaeton,KAROL G,Créeme,1mT47pKLXUwPYGwB91GcNz
Reggaeton,Nael,NOTELOVOYANEGAR,1dqPYnCT52huF9yKUOTIqA
Reggaeton,Enrique Iglesias,EL BAÑO REMIX (feat. Bad Bunny & NATTI NATASHA),7eQk3R68f3Xgr51KaK6iBl
Reggaeton,Zion & Lennox,Embriágame,07YFRv1Rj2iTtA7NY3CTcY
Reggaeton,Yandel,No Sales de Mi Mente (feat. Nicky Jam),2suE76uvhA05ks3YbvwRGT
Reggaeton,Maluma,Ojos Que No Ven,7sormsdEi2yxGsUn7bUjyx
Reggaeton,ROSALÍA,"Yo x Ti, Tu x Mi",7BlBVFwvbWvcwNcUarQmjk
Reggaeton,DJ Snake,"Taki Taki (with Selena Gomez, Ozuna & Cardi B)",4w8niZpiMy6qz1mntFA5uM
Reggaeton,Cardi B,I Like It,58q2HKrzhC3ozto2nDdN4z
Reggaeton,Luis Fonsi,Despacito - Remix,6rPO02ozF3bM7NnOV4h6s2
Reggaeton,Reik,Me Niego (feat. Ozuna & Wisin),4ggiDYAkJ7Yk8d5xOr7Xjo
Reggaeton,Reik,Amigos Con Derechos,4yVO0wOhXsZC1RuPgHP524
Reggaeton,Nicky Jam,X (feat. Maluma & Ozuna) - Remix,6JjPBQfI2Y8nIjnm65X6Pw
Reggaeton,Bad Bunny,Soy Peor - Remix,1RijmOnza5p9CzaFKr8W1Y
Reggaeton,Paulo Londra,Adan y Eva,6FyRXC8tJUh863JCkyWqtk
Reggaeton,J Balvin,Mi Gente,7COfe3P7KgfwDwIRB8LIDw
Reggaeton,Jahmois,DESATá,1GKcUF6PWHQh1FL2lckkgL
Reggaeton,Paulo Londra,Dímelo,68NhevkESo24f9nTL8fDFP
Reggaeton,J Balvin,No Es Justo,5qFeMRz4TvetPmzjre9Dq7
Reggaeton,Paulo Londra,Nena Maldición (feat. Lenny Tavárez),77dMSg2VHi2wwXjXNrmcrZ
Reggaeton,Thalia,No Me Acuerdo,1G586ld1gbaECg4Bc6w40O
Reggaeton,Paulo Londra,Chica Paranormal,3krzcyMKlRXjVkJFZqMN4t
Reggaeton,Shakira,Me Enamoré,4qknM1pQz53QOyfDVTjcM9
Reggaeton,CNCO,Hey DJ,1XgpK29CGGjZnxPYkiRbh4
Reggaeton,Sebastian Yatra,Por Perro,2alIsNw1mqEShbWyO1HXZZ
Reggaeton,Paulo Londra,Por Eso Vine,5qN1G8fSHq4Sv5FRoOkNGu
Reggaeton,Ozuna,Solita,7rwX0O3RlxqqIjQM8evm5E
Reggaeton,Bad Bunny,Sensualidad,5hcisvFMidkMJlElTO9Qmw
Reggaeton,Pitbull,Hey Ma (with Pitbull & J Balvin feat. Camila Cabello),6DRGwsUFQrNerxRexK7KMB
Reggaeton,J Balvin,Safari,456xBIOmLRoLzCvCzZrWge
Reggaeton,Danny Ocean,Dembow,2EzRdhuoPyNJDlep7lnNf2
Reggaeton,J Balvin,Si Tu Novio Te Deja Sola,2joKSGkqac0LIwYG9Ghrwq
Reggaeton,Blacksiel,MIA,04LjOu6wpqxwOufG7VkiOD
Reggaeton,Maluma,Qué Pena,5099x34vBakWpGkHourFxP
Reggaeton,Maffio,Cristina (feat. Shelow Shaq),2egI1hFZDAYrkCgtepoore
Reggaeton,Piso 21,Te Vi,059bcIhyc2SBwm6sw2AZzd
Reggaeton,Nacho,Báilame - Remix,4l3xGFwoTinvYxsePytOOf
Reggaeton,KAROL G,Mi Cama,7sFYVcKSb24qg0dAkqLEFj
Reggaeton,Meta4,ABUSADORA,3Wi7dVAP3w1BFoxAddI838
Reggaeton,Silvestre Dangond,Vivir Bailando,7gL0eIncXB5ELO8BFMR3Uv
Reggaeton,Davix y Geomal,Mi Mundo,5TGp78V72brqsRhI8acOHA
Reggaeton,R.K.M & Ken-Y,Tonta,5ZjJT7BB8OoVjyRZRYGen8
Reggaeton,Sebastian Yatra,Mañana No Hay Clase (24/7),3XsqFFCOn6oPKt4GCod2wP
Reggaeton,Meta4,Wi-Fi,0q8aDglVXZ9OwpT0TBHGYL
Reggaeton,Silvestre Dangond,Justicia,6ipp8Dhs33KinlF4BStgca
Reggaeton,Silvestre Dangond,Cásate Conmigo,6f4UPdDBQONKJBRqwZGjaJ
Reggaeton,Enyelg,DR/XR,3a3q5gFZLEQTBWlf5ToegP
Reggaeton,Brytiago,Bebé - (Remix),28exYdxUzI15oxOeKYjDeD
Reggaeton,Espano,921,7HNtWzSa1YQnmnybLiHcFv
Reggaeton,Major Lazer,Que Calor (with J Balvin & El Alfa),1sviDBcAqVOxMXq4xITVEs
Reggaeton,Sharapova,OTRA VEZ,3dE2oV7Q81ofPMLpK0LO1B
Reggaeton,Sebastian Yatra,SUTRA,0lTYnxJdC68v0oXd5xolxY
Reggaeton,Daddy Yankee,Dura,6KuqAtoeVzxAYOaMveLNpH
Reggaeton,Anitta,Downtown,3Ga6eKrUFf12ouh9Yw3v2D
Reggaeton,KAROL G,Pineapple,24SkzbH7hGhUvqIaKlJ1TY
Reggaeton,Paulo Londra,Forever Alone,5NPzbTzFxIQPaheZuPhn4f
Reggaeton,J Balvin,Bonita - Remix,4jKX16TcfQIrqY1ZzDIZb2
Reggaeton,J Balvin,Machika - Remix,1lBqTGQ0nX1JeA2m7T51ux
Reggaeton,Arcángel,Me Acostumbre (feat. Bad Bunny),2FIm6YsSGL5acOqSuJDh5s
Reggaeton,Farruko,Krippy Kush,7FfpP3YZ6fOWMdxkIAtud9
Reggaeton,Bad Bunny,Chambea,1Bqg4yFeVDJxchh6MjkGKy
Reggaeton,Cios,Los de Siempre,04Hlw34LPTlv8MICBwxXj8
Reggaeton,Anuel AA,Secreto,5W83ErFkO3aKAIS1WMi6u0
Reggaeton,Dalex,Hola - Remix,5stPVcRqb4qixbafP9e8lt
Reggaeton,Cios,Black Panther,0PDaoFdbZSmbppzPtCqThs
Reggaeton,Felipe Peláez,Vivo Pensando En Ti (feat. Maluma),0H7cz1bR7w9PulJL7Na774
Reggaeton,Yannc,Sigue Bailandome,0GmiGIxXDNrePrHBpijYDp
Reggaeton,Bad Bunny,Enséñame a Bailar,2NMjggapJcXXM7WccGEBUO
Reggaeton,Bad Bunny,Me Porto Bonito,6Sq7ltF9Qa7SNFBsV5Cogx
Reggaeton,Bad Bunny,Ojitos Lindos,3k3NWokhRRkEPhCzPmV8TW
Reggaeton,Bad Bunny,Moscow Mule,6Xom58OOXk2SoU711L2IXO
Reggaeton,Bad Bunny,Otro Atardecer,0E0DRHf5PfMeor0ZCwB3oT
Reggaeton,Bad Bunny,Andrea,44XjoNvtwevktFKjvVe1vH
Reggaeton,Bad Bunny,Neverita,31i56LZnwE6uSu3exoHjtB
Reggaeton,Bad Bunny,La Corriente,1797zYiX4cKosMH836X9Gt
Reggaeton,Bad Bunny,Party,4tYFy8ALRjIZvnvSLw5lxN
Reggaeton,Bad Bunny,Dos Mil 16,4d4ZXH4dr5bYfgErHiZCX2
Reggaeton,Bad Bunny,Un Coco,6VrQTLzzuyGIYjUDe4kAZk
Reggaeton,Bad Bunny,Me Fui de Vacaciones,28GCbKgjlVD9eDmasGbe0T
Reggaeton,Bad Bunny,Yo Perreo Sola,0SqqAgdovOE24BzxIClpjw
Reggaeton,Bad Bunny,Bichiyal,4j4w4CXm6BSr0s25wAWrrX
Reggaeton,Bad Bunny,La Zona,5kqNIqFjijuzvVLhuY9B8j
Reggaeton,Bad Bunny,Una Vez,5J7teKIJGtqVypgYI6sqXj
Reggaeton,Bad Bunny,TE MUDASTE,5RubKOuDoPn5Kj5TLVxSxY
Reggaeton,Bad Bunny,DÁKITI,4MzXwWMhyBbmu6hOcLVD49
Reggaeton,Bad Bunny,120,3KJ3opyV29269SXkPrc19l
Reggaeton,Rauw Alejandro,Desesperados,6mmPpaltUZK7xjNlBPQQ0p
Reggaeton,Rauw Alejandro,Todo De Ti,3rdAz1fbUfZxYgaCviYhRo
Reggaeton,Rauw Alejandro,Sexo Virtual,1lV3QHHMAQt0Kc1ioZq2MP
Reggaeton,Rauw Alejandro,La Old Skul,4Z8HZSApeddaRM2ovivUj4
Reggaeton,Bizarrap,"Quevedo: Bzrp Music Sessions, Vol. 52/66",2tTmW7RDtMQtBk7m2rYeSw
Reggaeton,Duki,Me Gusta Lo Simple,3VJSv1RoYiCY4ECGyDO7ry
Reggaeton,Rels B,ALELUYA - REMIX,2xM9f6WuG5GF6GeTDtPuhs
Reggaeton,Bad Bunny,Efecto,5Eax0qFko2dh7Rl2lYs3bx
Reggaeton,Bad Bunny,Tití Me Preguntó,1IHWl5LamUGEuP4ozKQSXZ
Reggaeton,Bad Bunny,Yonaguni,2JPLbjOn0wPCngEot2STUS
Reggaeton,Tainy,Lo Siento BB:/ (with Bad Bunny & Julieta Venegas),4gzsuuZypVbxs0Af1LSZyB
Reggaeton,KEVIN ROLDAN,Las 12 (feat. Mackie),1cjfzBSIYHFuV9I7bq7Z0X
Reggaeton,Jossef,Persia - Remix,3SgybTfx3GWHAcjhK9iPmz
Reggaeton,Rels B,A Mí,7MmrcXVA7A5zZ2CbDuGHNa
Reggaeton,Rels B,SHORTY QUE TE VAYA BN <3,3CQDFLetMMxD5hzAnUk410
Reggaeton,Rels B,Es Mejor,6HSnLmg25CFVozSlimAzF4
Reggaeton,Rels B,Diles,3HfwXgcAn2SkPH4VMNiZK7
Reggaeton,Rels B,Buenos Genes,76NtMPMpA6fuUH4euMYZoD
Reggaeton,Rels B,Me Olvidé De Los 2,02qcrVQ61nS94wWvLaiXGf
Reggaeton,Mora,512,5jzEwSyyymBlf1fa1o39T2
Reggaeton,Mora,Volando - Remix,0G2zPzWqVjR68iNPmx2TBe
Reggaeton,Polimá Westcoast,ULTRA SOLO REMIX,6wtZPYBIXUvCpXwVjMCJBf
Reggaeton,Nio Garcia,AM Remix,05bfbizlM5AX6Mf1RRyMho
Reggaeton,Duki,GIVENCHY,6bTVP50bbtMtD6RGe2cUoQ
Reggaeton,Maluma,Mojando Asientos (feat. Feid),6lV9cTvioGWqRXSgfjAUGL
Reggaeton,Bad Bunny,Safaera,2DEZmgHKAvm41k4J3R2E9Y
Reggaeton,Jowell & Randy,Anaranjado,5iw28wvyHgj4ppOu5AdcEU
Reggaeton,J Balvin,Una Nota,7iqOIHHEmu6Vhw25GgQ2eA
Reggaeton,Crissin,Poblado,47gSYfwFBbV1BXHfXEq1qs
Reggaeton,J Balvin,Amarillo,6zEgnpM0qYmHLDnh8WPejL
Reggaeton,J Balvin,Azul,2lCkncy6bIB0LTMT7kvrD1
Reggaeton,J Balvin,Rojo,380HmhwTE2NJgawn1NwkXi
Reggaeton,J Balvin,Rosa,464uJVLmr0fDJGXOnciaDe
Reggaeton,J Balvin,Morado,35KmOEIUqAGn02t7n4qaIr
Reggaeton,Duki,Vida Eterna,3qSXDTVldnymCphR6Hqi9z
Reggaeton,Bizarrap,"C.R.O: Bzrp Music Sessions, Vol. 29/66",0qPbQWcqNDVrReSSvMoJxk
Reggaeton,Rels B,cómo dormiste?,3fjN3y5x4hN53rykAN2LHQ
Reggaeton,Maluma,Nos Comemos Vivos,3SlKme42qm1vWrkl3BrZmm
Reggaeton,Rusherking,Además de Mí - Remix,7I8L3vYCLThw2FDrE6LuzE
Reggaeton,BANDIDO,"No Me Conocen (Remix) [con DUKI, Rei & Tiago PZK]",7COGuXyTr12KvdaYXMqheC
Reggaeton,Feid,Feliz Cumpleaños Ferxxo,2CeKVsFFXG4QzA415QygGb
Reggaeton,Sech,Relación,3ZG8N7aWw2meb6UrI5ZmnZ
Reggaeton,Rich Music LTD,Quizas,5Id5B3dxJZhPcV9GzgYZZe
Reggaeton,Rich Music LTD,Uniforme,0wMs7DPFOnToNAoecvAFQc
Reggaeton,Rich Music LTD,Perreo en La Luna,0RDgqtvOHLwcI6yz9bjsZV
Reggaeton,Rich Music LTD,Imaginate,29ShXDWDedEwZkYc8Du08N
Reggaeton,Dalex,Bellaquita (Remix),4GGwM2Krtlx9G9ii1RaEOx
Reggaeton,Darell,Velitas,7q3NthaBqFI6s0WnAlnIvq
Reggaeton,Dalex,Hola,65wLNgku2IZUjKjc2MNGjX
Reggaeton,Rich Music LTD,Porno,34ZngZgo8xicbt1EE8Ob8Z
Reggaeton,Noriel,Cuerpo en Venta,2B94bbI1a4LyBpK1439oP7
Reggaeton,Myke Towers,Piensan,1A9PKAFEHMWgXNLpgf7k4J
Reggaeton,Dalex,Bellaquita,1tpbAGsGpZee5jDHMcLrUJ
Reggaeton,Lunay,La Cama,0OoqRZXnSrgIUAha3iLKG1
Reggaeton,Myke Towers,Inocente,07eET3PAzpSz5CLE4wGgN5
Reggaeton,Lenny Tavárez,No Quiere Amor (feat. Farruko),4NGlDkTO27uxg8del4oTAr
Reggaeton,Rauw Alejandro,LOKERA,79HZAZNnOE97rb2hnI0XQr
Reggaeton,Rauw Alejandro,PUNTO 40,2TDyyEBasw10wu5Uh94bR1
Reggaeton,Eladio Carrion,Todo o Nada,2zdHRQTOBDk8mM8xBzziFh
Reggaeton,Mora,AIRBNB,0fuyLaeHh0TvQ65m5ojgP2
Reggaeton,Alejo,Pantysito,4srcMdbm2qzVG98tJajHxp
Reggaeton,Arcángel,La Jumpa,5MxFWjuqQIsbNWbMdMdbli
Reggaeton,Feid,CHORRITO PA LAS ANIMAS,0CYTGMBYkwUxrj1MWDLrC5
Reggaeton,Bad Bunny,Diles,6C1RD7YQVvt3YQj0CmuTeu
Reggaeton,Feid,La Pasamos CXBRXN,672zDo2nzWSoIIQ7zD5kuj
Reggaeton,Eladio Carrion,3 Am,1F205Nl2feOSYSztLNOJAL
Reggaeton,Arcángel,Infeliz,4z6wo6PJG4Fve45OXK6D9m
Reggaeton,Bad Bunny,A Tu Merced,4r9jkMEnArtWGH2rL2FZl0
Reggaeton,Rauw Alejandro,El Efecto,4SJHHpKhcuXwDsCsPqshXj
Reggaeton,De La Ghetto,Sensacion Del Bloque,5clFSlfkCRlhnH1cAQjSBi
Reggaeton,Myke Towers,Si Se Da - Remix,6K5BsR04ijf3FHNzjbaagD
Reggaeton,Feid,Normal,0T2pB7P1VdXPhLdQZ488uH
Reggaeton,KHEA,Loca - Remix,2ECIwi1a7mfokdDkkJ08Ne
Reggaeton,JHAYCO,CÓMO SE SIENTE - Remix,2tFwfmceQa1Y6nRPhYbEtC
Reggaeton,Anuel AA,23 Preguntas,5ANkjNH7elrxzggidjnH9v
Reggaeton,Jerry Di,Mi Cuarto,6fmQjRuo7XvRFCK2qex5hQ
Reggaeton,Ñengo Flow,Gato de Noche,54ELExv56KCAB4UP9cOCzC
Reggaeton,Feid,Castigo,18pWcEUcUJpBFs7eNBsBht
Reggaeton,Bad Bunny,Tarot,41oY4WCTj5kccfesTVFnvN
Reggaeton,Anuel AA,Quiere Beber,0FDMH2ahuIVzCybwHJK9zh
Reggaeton,Bad Bunny,Otra Noche en Miami,4vCAzANUWDE24URV6wQ4ra
Reggaeton,Rauw Alejandro,Algo Mágico,7D93pJcwymzaZx8WgBo2zG
Reggaeton,Eladio Carrion,Mi Error - Remix,5IjOqh4XLyjHINuOGolmAt
Reggaeton,Eladio Carrion,Mbappe,2lmWwBLVJ2P0HX491zkYws
Reggaeton,Bizarrap,"Eladio Carrion: Bzrp Music Sessions, Vol. 40/66",1VauUM5CBX7nkLcgafQL2B
Reggaeton,Eladio Carrion,Me Gustas Natural,1Sym1HsTqsa2pYKhYL1j15
Reggaeton,Eladio Carrion,Kemba Walker,4jhHaLksdP8DJZzxYAjOSz
Reggaeton,Lyanno,En Tu Cuerpo,4otCJXUgnt6SUMhDMNqjhX
Reggaeton,Feid,Si Te La Encuentras Por Ahí,02jLfqc9gMo8PkHEGHY3OT
Reggaeton,Duki,Celosa,29DJN0aQmjeLXFg2Djurim
Reggaeton,Arcángel,JS4E,68e9XUS28xQRV9jghSx0NX
Reggaeton,Eladio Carrion,Flores en Anónimo,62pg2fFuBb6zgU2gqJR8kP
Reggaeton,Feid,Ferxxo 100,1sbNEFiURUYfy024cJX8JG
Reggaeton,Feid,Prohibidox,3PpWCS95gDUDRPko3u1MZ9
Reggaeton,Bizarrap,"Duki: Bzrp Music Sessions, Vol. 50/66",7MkylDYvKTSuWgrsBhHlsG
Reggaeton,Daddy Yankee,X ÚLTIMA VEZ,48AJSd42lXpicsGqcgopof
Reggaeton,Ozuna,Hey Mor,1zsPaEkglFvxjAhrM8yhpr
Reggaeton,Bad Bunny,¿Cual Es Tu Plan?,45jM2fuCq0NHD9p7xn0ptd
Reggaeton,Bad Bunny,Vete,2n7ohqg1s68ToAHh4u9mcW
Reggaeton,Bad Bunny,Si Estuviésemos Juntos,35wvL50xvKpCHEJPxLOLPI
Reggaeton,Feid,FERXXO X ÑEJO,6qXKkWIJlEYgWOvvnaHVms
Reggaeton,JHAYCO,En La De Ella,5NxhMcHSVY3Z7ykWxZf3aj
Reggaeton,Feid,SI TÚ SUPIERAS - Bonus Track,1SCYfmGM5ueb6YiiQbLXVn
Reggaeton,Feid,VACAXIONES,5QLs1kIWkkxcdUBfTkqWBX
Reggaeton,Yandel,Yandel 150,2oiixB9QMIzhWaHGVlQx4g
Reggaeton,Feid,Le Pido a DIOS,4TFNKnMWjcMWzpkSwQrrcu
Reggaeton,KEVIN ROLDAN,Salgamos,6gI7UZyH9wwAaRfcF070Hz
Reggaeton,KEVIN ROLDAN,PPP,1DcxnVNFAyVl2sDQ646pXS
Reggaeton,KEVIN ROLDAN,HASTA ABAJO,4PEfJZpVjdclfzZ9XO8uDw
Reggaeton,Cosculluela,Hola beba,4AUH1recgWhHM4368o1BuE
Reggaeton,Mora,DOMINGO DE BOTE,0rvbMTIWwMZaMC9UnubDPb
Reggaeton,Mora,MEMORIAS,2hLXUbsOU9cDb9RFva9FYr
Reggaeton,Super Yei,Candela,1bra22ihn1UyVyilRRcpy2
Reggaeton,Feid,CLASSY 101,6XSqqQIy7Lm7SnwxS4NrGx
Reggaeton,Bad Bunny,Pa Ti,2QrGCbW0ylj94JfkgLZFlA
Reggaeton,De La Ghetto,My Love,2f5jtBFBWGmthgLpte2u3q
Reggaeton,Duki,Si Quieren Frontear,3MBNAfBXIq9fI2Sez8EcNX
Reggaeton,De La Ghetto,El Father,3l1KMArNsKOR29ppTBhCzw
Reggaeton,De La Ghetto,Loco Por Perrearte - Remix,0vHfVsEe6Ps0d8cZ9PGzSw
Reggaeton,De La Ghetto,Tu Te Imaginas,6HoYqaTWEpeSyuMMgREvyg
Reggaeton,Dímelo Flow,Se Le Ve,5W1qmxHrMlQGGAiFA3ZQqP
Reggaeton,Arcángel,Tírame,0cWpdcpOicoAtl0kpI73GL
Reggaeton,Myke Towers,Explícito,6qraVL4IJaIj0IuEexYJNa
Reggaeton,Bizarrap,"Rauw Alejandro: Bzrp Music Sessions, Vol. 56/66",2NFadq6pUeiVEihLvUlOSr
Reggaeton,Lunay,A Solas (Remix),1fXEkSum1vbTa3w0yvYzYW
Reggaeton,Bad Bunny,Tu No Metes Cabra,43SMQMC2X2fAOuTPRnSGrG
Reggaeton,Brytiago,Netflixxx,4WDSPCfr60K0HI7YYhEHKu
Reggaeton,Brytiago,Asesina,5lZaM4985p0t3YfizlQWUz
Reggaeton,DJ Luian,Verte Ir,4lzxJ4jCuFDXXGkE1LmpKR
Reggaeton,Duki,YIN YAN,6KGGhJoXrztLp8ZT91zizs
Reggaeton,Bad Bunny,WHERE SHE GOES,7ro0hRteUMfnOioTFI5TG1
Reggaeton,Ryan Castro,QUEMA,2hn2zOA2XFlv6DSmesylrL
Reggaeton,Myke Towers,LALA,7ABLbnD53cQK00mhcaOUVG
Reggaeton,Rauw Alejandro,Cúrame,1FlL8ycld6uVDDyhV7P5FA
Reggaeton,Quevedo,PUNTO G,4WiQA1AGWHFvaxBU6bHghs
Reggaeton,Cris MJ,Marisola - Remix,0NO2zL0kw8sGGnaMvHKAZF
Reggaeton,Amenazzy,Solo,6kTMnty169llVx9sGHb6LD
Reggaeton,Rich Music LTD,Feel Me,6KeweE0BlXx3AtjMKhBLaz
Reggaeton,Dalex,Cuaderno,7anSoGdgtmJTAPZBzcPhO6
Reggaeton,Becky G,Bubalu,7dNwJbsT0sg1le5kVugGJb
Reggaeton,Rels B,Sin Gato (MIAU!),7fHyvps8HsC8dFO3mQ3Itv
Reggaeton,Foreign Teck,Conexión,2fpKvUg9hxiKAOLuwfEdlJ
Reggaeton,Bad Bunny,Agosto,0wihfILRNOwE2156Shezc8
Reggaeton,Bizarrap,"Nicki Nicole: Bzrp Music Sessions, Vol. 13/66",2S93hylQBYLndMnaJuso8S
Reggaeton,JHAYCO,Holanda,6irysuQyZWd7Bjj7ePiOs2
Reggaeton,Justin Quiles,Jeans,78dzBjk47wuaraNVpVJ9QB
Reggaeton,Nicki Nicole,qué le pasa conmigo?,0RD94y2DlYTzEePb4WuVbU
Reggaeton,Rels B,Un Rodeoooo,5ak67nfN54lbm0ophfLj2t
Reggaeton,Marc Seguí,Tiroteo - Remix,4OwhwvKESFtuu06dTgct7i
Reggaeton,Bad Bunny,Un Ratito,5CzixCxDkRXX9mScCmah8O
Reggaeton,Mora,MEDIA LUNA,7h3mCPlHYCPuSG93s7M3Xt
Reggaeton,Mora,PASAJERO,1uFAI2C6r3YBQmXCAPGzZv
Reggaeton,Mora,PÓLVORA,3pQr8EhSzvKN3ZZlaL4Pae
Reggaeton,Mora,DONDE SE APRENDE A QUERER?,0sfk352FO8bJUjWjIsyzSR
Reggaeton,Mora,REINA,0QRHOAeU8JRaVVn3UoZBih
Reggaeton,Feid,X19X,51CGbL9BAw1896waeHoR9w
Reggaeton,Feid,X20X,1lqJic7VMR7PBlwpPrZuPK
Reggaeton,Soge Culebra,7 Lágrimas - Remix,3wlX0yg6NRMDPwOvdPmuLn
Reggaeton,Feid,que putas,4fcC14xEEHEYS4SClHRzOr
Reggaeton,Jay Wheeler,REPEAT,0TV7rMZ42HNc3xTuMaLC0m
Reggaeton,Feid,ATEO,14M8dLdMYo5rTxDVvIp85o
Reggaeton,Mora,TUS LÁGRIMAS,30W8VKHrAZmHzObnwAoc1u
Reggaeton,Juhn,Fragancia,5URNvRGY4fqoaWTkBJpOiH
Reggaeton,Quevedo,VISTA AL MAR,5q86iSKkBtOoNkdgEDY5WV
Reggaeton,Quevedo,PLAYA DEL INGLÉS,0Sfn2TYbpQtCGMBf6C0Y6T
Reggaeton,Eladio Carrion,El Malo,144k7KOL7ZPopw7rTTzzXN
Reggaeton,Tainy,VOLVER,3Bp0XlRQv0URQMM6ABKhEE
Reggaeton,Alvaro Diaz,QUIZÁS SI QUIZÁS NO,3WQhuJnlOTV9RiDZx2tDFF
Reggaeton,Rels B,Ni 1 Complejo,7qP5BoRHR5d9qxGmk8ruY1
Reggaeton,Tainy,Sci-Fi,3fhYAsNRR99ETnqrBZdAy0
Reggaeton,BLANKO,EXXXCLUSIVITY,7AbwzSUEtCC6hFgIPjZp2i
Reggaeton,Eladio Carrion,Hey Lil Mama,5QtB74eCS2YzHvEfSlh8MG
Reggaeton,Duki,Remember Me,7LknbZPcWVDMb6VLDI01MY
Reggaeton,Rauw Alejandro,QUÉ RICO CH**GAMOS,41onqkcjQIVFmz0S0b3aHV
Reggaeton,Rauw Alejandro,HOY AQUÍ,2jMt8GoQ4RGxAIMvWJyWeL
Reggaeton,Leebrian,No Fue - Remix,3b2STpVG1wHiZJ7u6hvmoR
Reggaeton,Cris MJ,Locura y Maldad,345pDhxKVhsOcs9VEnBkLa
Reggaeton,Maluma,Parce (feat. Justin Quiles),4RJz8NfIe09gpKMiRUWKhJ
Reggaeton,Trueno,Mamichula - con Nicki Nicole,0TUW9faHNaBmi89wsYGp9y
Reggaeton,Trueno,DANCE CRIP,1kjs5eR4DMzyB0gm1Z8waV
Reggaeton,JHAYCO,Medusa,3qM0vBxIe4VUbK0Z0smuVP
Reggaeton,Trueno,TRANKY FUNKY,28iQz5gnZyqhUebzeOYCwH
Reggaeton,BLANKO,IPANEMA,6hnAzBv40tvcj36ats39XD
Reggaeton,Mora,CASUALIDAD,3yIyUQXF050PehHtbkgaDu
Reggaeton,Young Cister,CON LOS AROS 22,03QEu6x9S21eUkffyT3WLb
Reggaeton,Lyanno,Menos Timidez,6nwGTpvQII0DJxMaZqsQ5r
Reggaeton,Rauw Alejandro,Al Mismo Tiempo,7CF4dWivLZf3Hdg0FKL9Eb
Reggaeton,JHAYCO,Ley Seca,3JCaq3KDSROg3TXhdiDa9n
Reggaeton,Danny Ocean,Fuera del mercado,1UdzJEpgJxtuXAlCOvD4S0
Reggaeton,LAGOS,Mónaco,3HgvO4B5LLmdPOT2d8cSZd
Reggaeton,Danny Ocean,Tel Aviv,1NV5EyFDHFGseqvpdI2dcx
Reggaeton,Mora,Tuyo,4tQofG51E0juZBBVr6pral
Reggaeton,Danny Ocean,AMOR,6UUzG7YB1pmDBNbSRVzYSX
Reggaeton,Danny Ocean,Veneno,19vrzibX1lFlT2V2ToVQkv
Reggaeton,The Academy: Segunda Misión,"QUÍTENME EL TELÉFONO (feat. Yandel, Jay Wheeler)",6ksWOJ7FWEAT1ax5hWKuzN
Reggaeton,Kiddtetoon,Illuminati,2Ky6OednfOVrxDiKAhCZ7I
Reggaeton,The Academy: Segunda Misión,"SI SI SI SI (feat. Eladio Carrion, Bryant Myers, Dei V)",5e2E01TRxPnS3gwBj4pdKb
Reggaeton,The Academy: Segunda Misión,AMIGA (feat. Ryan Castro),0phGuwueMHi1KDyskTcdp6
Reggaeton,FloyyMenor,Gata Only,6XjDF6nds4DE2BBbagZol6
Reggaeton,Bad Bunny,NI BIEN NI MAL,278kSqsZIiYp8p3QjYAqa8
Reggaeton,Bad Bunny,200 Mph,5jGUJXnELDaDTgiRjD9lsg
Reggaeton,Quevedo,Columbia,6XbtvPmIpyCbjuT0e8cQtp
Reggaeton,Trevor Daniel,Falling,26XaOsDMbl0e1cVKYfkz6w
Reggaeton,FloyyMenor,APAGA EL CEL,4yyCGGdTVaYG17vhsrUPoL
Reggaeton,Mora,ESCALOFRÍOS,5CVMsPYtSJ3l7UxYiI2lt7
Reggaeton,Cris MJ,No Ando Weando,4uelxH4T8ewn0wwQC5gGLh
Reggaeton,Zion & Lennox,Brisa,5xhFO6kaUjGcSezSp5hIhG
Reggaeton,Lenny Tavárez,VAQUERITA,10Z3XfqcjouvPfh9D3baLF
Reggaeton,Mora,COMO HAS ESTAU?,5S7FewmYYyLNdMOfeEcB6P
Reggaeton,J Abdiel,WYA,5lCMDnVpGTuFC7YejgpTIF
Reggaeton,Mora,RÁPIDO,6peVAUzSxDlTigQw5T99O5
Reggaeton,Sky Rompiendo,CRUSH,1mAUVEQWn2PRxWnRhQreBo
Reggaeton,Zion & Lennox,Berlin,2IzV2SPZQLadtA46ni3ICq
Reggaeton,KAROL G,UNA NOCHE EN MEDELLÍN - REMIX,0GJwUAlBMJTbY4VE7iE761
Reggaeton,Boza,Hecha Pa' Mi,3VvA1wSxukMLsvXoXtlwWx
Reggaeton,Quevedo,Ahora y Siempre,4iaNmAvcZ6sPGvgZ6vQQdx
Reggaeton,Tiago PZK,Entre Nosotros,6w8yBI2vthyN9UnwO4UBWb
Reggaeton,Mora,MODELITO,559YUIWxUc8Mx4lsla13Ff
Reggaeton,Omar Courtz,Q U E V A S H A C E R H O Y ?,0Sr7ssScx54yxdM2ols7nW
Reggaeton,Omar Courtz,SERIO CON ESE Q,4kCGXKoHyfvpSF535X4Z4p
Reggaeton,Feid,FERXXO 151,2Cl4HCBmPddQNZEncdoXp0
Reggaeton,Nio Garcia,La Jeepeta - Remix,1mohfLaTJtB2RplHLQVM70
Reggaeton,Rels B,Un Verano En Mallorca,6XchxkE3WuUovo0O50u7SX
Reggaeton,Rauw Alejandro,IL Capo,7v12ia1PFVN9jSgU43rJnS
Reggaeton,Quevedo,DAME,5yocaqYG38qpSSxV1t0o3D
Reggaeton,Rauw Alejandro,DIME QUIÉN????,2WtLhvwJX3czRVuFtUgZ6i
Reggaeton,Quevedo,LOS DÍAS CONTADOS,0ffPRT5WW86ecgGWGf5CyY
Reggaeton,Feid,YO AK,5ktB9kTVHGFSMdJ2G0WdhN
Reggaeton,Bad Bunny,EL CLúB,3zOgFY5kpQ6p2cwPIquZks
Reggaeton,Omar Courtz,G O D D E S S,7E5qtyFBvbyfNbHOTR42rs
Reggaeton,Feid,FERXXO 30,2LWM5Ft0TdX24GeSq1u6PV
Reggaeton,Feid,Niña Bonita,4VPoFy002PwspvctfYP6zx
Reggaeton,Rels B,No Te Imaginas,7LsEDRQJpwGYp5d3IfsQ5k
Reggaeton,Duki,Malbec,6KEb17S00Inf0v1qYDgUAj
Reggaeton,Duki,Chico Estrella,1XadOBWghF0LhMuXI4GJ6M
Reggaeton,RØZ,flashes,0WldJKCaZhHHZbzu4kFV1m
Reggaeton,Ryan Castro,Mujeriego,4jiYaQVHzMfKhEeLypWpNO
Reggaeton,Young Cister,miau,5osSgKDiyrzhLjsEABO6c9
Reggaeton,Feid,1XXX RAXONES,3Z5ano0s9pNggRPmAtqKWL
Reggaeton,Neton Vega,Loco,63EQbNhgaih4yg5412usWG
Reggaeton,Rauw Alejandro,Enchule,0S9ZVNTNRzLMgb96tmmG1u
Reggaeton,Arcángel,Sigues Con El,1XxmTx7ZzI2xLvS8SqlXs9
Reggaeton,QVDO,Siete,30uBwESUFs5bNxPf7YCOaV
Reggaeton,Don Patricio,Contando Lunares (feat. Cruz Cafuné),6uW0PIRcyZLvkoonm763xD
Reggaeton,Duki,No Me Llores,2fBL047Cv32R3UFEup6xkP
Reggaeton,Jay Wheeler,Nota,7N1PnhsNLLIxCHrMF63kdT
Reggaeton,Valuto,Hechicera,31EBGq2sl8xlOG4OR7PKh5
Reggaeton,Rauw Alejandro,BABY HELLO,2SOvWt6igzXViIjIiWNWEP
Reggaeton,Duki,Si Me Sobrara el Tiempo,2ypbIXW3a7fsLdLtLpZWDZ
Reggaeton,Rels B,"¿CÓMO TE VA, QUERIDA?",2p89F5HPntIfuJ1SnuPoeK
Reggaeton,KHEA,Ayer Me Llamó Mi Ex,3ef2QlCUWO29UvqJaU3MUi
Reggaeton,Ryan Castro,Wasa Wasa,4j4wAUPNouccqk2jKmBIrx
Reggaeton,Alex Rose,Toda - Remix,5kCoykriGdZhWMlm9vrtQI
Reggaeton,Bizarrap,"Daddy Yankee: Bzrp Music Sessions, Vol. 0/66",2uPMsTEKx79gJ8rB3AcT0v
Reggaeton,Yeyo,Tentación,5oBHAOpcBlYEgqiJk5brmW
Reggaeton,Omar Courtz,⁠LUCES DE COLORES,5dDlknAL9imbXXl7uG7oqe
Reggaeton,Dalex,Mejor,6C1jKbkCUgFws7M0M4oGCB
Reggaeton,Omar Courtz,P I E N S A S E N M I,5dGVfomXd5Ncq05wQhHI47
Reggaeton,Omar Courtz,POR SI MAÑANA NO ESTOY,595wwjQiad6e6lSTScmXvz
Reggaeton,Omar Courtz,EL MUNDO SE VA A ACABAR,6SkbzQSYMJzrmmDBEvbh0S
Reggaeton,Omar Courtz,WO OH OH,0h54mLixODOqU6vTcZMqVM
Reggaeton,Duki,Ameri,5lXKHJ3kYg9aM0TdBgaZBe
Reggaeton,Omar Courtz,SKY,52eJOGfsKEEkHrfZt6Kl3p
Reggaeton,El Bogueto,Cuando No Era Cantante,6N2iccqxRInhTLHc2Fu3W0
Reggaeton,Feid,COMMENT,4cjmzyooA8MkQAKrfESAoo
Reggaeton,Jay Wheeler,De Lejitos,3r2ZoCWlf9RewWlxxozfQ8
Reggaeton,Maluma,La Curiosidad,3AtfmXxTKKn0QIEbdRRvJI
Reggaeton,Sech,911,2p2Q23iaaPSEa1tI6TsCVX
Reggaeton,Daddy Yankee,"Lo Que Pasó, Pasó",26QKsGW4hMuwiEE1ftUMHe
Reggaeton,Becky G,Mayores,2AY1UAimvTqjJC8vDJsOyy
Reggaeton,Don Omar,Dutty Love,2oJH69cuNyWpCmZyTmvrEN
Reggaeton,Plan B,Choca,1hiKRqR0jox7OI7aweq7Sj
Reggaeton,Juan Magán,Bailando por Ahi,6sHBvzRsuGunQTfCk18KXi
Reggaeton,Yandar & Yostin,Te Pintaron Pajaritos,4jY5SnGbpH6FdGCqVbhOD4
Reggaeton,J Balvin,Ginza,2C2TGgFzrTRIOdQS1vUN5h
Reggaeton,Don Omar,Zumba,2xcHJ5YpRL7wgSfsBnIktB
Reggaeton,La Factoria,Perdóname,6yLqoieklk9gwabLaUDJ4s
Reggaeton,Duki,Antes de Perderte,4RtPruLRZbyirtJGqYHPQm
Reggaeton,NATTI NATASHA,Criminal,2SmgFAhQkQCQPyBiBxR6Te
Reggaeton,Daddy Yankee,La Rompe Corazones,4okba5wu9mMLXx79DXLKi3
Reggaeton,Rauw Alejandro,2/Catorce,78QcVmzxS0wIwuC2rpAauI
Reggaeton,Carlitos Rossy,Quien Dijo Amigos?,0owg35QIrNQkqAs6NDb37s
Reggaeton,Zion,More,0rKqFkLnkcZByHMjN60KAn
Reggaeton,Daddy Yankee,Gasolina,228BxWXUYQPJrJYHDLOHkj
Reggaeton,Daddy Yankee,Rompe,4Xtlw8oXkIOvzV7crUBKeZ
Reggaeton,Daddy Yankee,Ella Me Levanto,7fGODUqa0gtkb72oBVCgCD
Reggaeton,J Balvin,Ay Vamos,6Ges5C2IE738iJh4HyQizQ
Reggaeton,Mau y Ricky,Desconocidos,56f5qnyAlZdlz8wrUDA50h
Reggaeton,Maluma,Corazón (feat. Nego do Borel),4lESS6vuruP6a79KWRaQou
Reggaeton,Plan B,Candy,2ctjDCCg1wHoQSjIJ8p6U4
Reggaeton,Piso 21,Déjala Que Vuelva,33bnxcjePIkcmNjEFTJX0l
Reggaeton,JHAYCO,No Me Conoce - Remix,2beS6dD5rovBxSA1zYoSHR
Reggaeton,Ozuna,El Farsante,2LW4Zu7FcrwjWm3t5Rv3Oq
Reggaeton,Plan B,Por Que Te Demoras?,6URNgz911jj10KXTFtevcS
Reggaeton,Plan B,Es Un Secreto,2qM1Uus4I6Yx2BGlIzXaI0
Reggaeton,Alexis y Fido,Una En Un Millón,6thg9w8KTc9RvMWK8jnxNW
Reggaeton,Nicky Jam,Te Robaré,4PJ3umtW1aWdfh5EITHc6T
Reggaeton,Nicky Jam,Fan de Tus Fotos,1mauYRwbpoGQX6itP2FAJC
Reggaeton,Vico C,Lo Grande Que Es Perdonar,5JFLXnWbJ0gsLFalPc5vpH
Reggaeton,Ozuna,Del Mar,5cpJFiNwYyWwFLH0V6B3N8
Reggaeton,Farruko,El Incomprendido,2mL37yB3f3Lfy4iiXV02Qf
Reggaeton,Romeo Santos,Bella y Sensual,0ERbK7qVqveCaBWIiYCrl3
Reggaeton,Farruko,Pepas,5fwSHlTEWpluwOM0Sxnh5k
Salsa,Maelo Ruiz,Regálame una Noche,6F3YJ3vWzatHA3nz6GwDoA
Salsa,Gilberto Santa Rosa,Conteo Regresivo - Salsa Version,37nXsqE1XW0cxOQvIMsmFc
Salsa,Marc Anthony,Vivir Mi Vida,3QHMxEOAGD51PDlbFPHLyJ
Salsa,Jerry Rivera,Amores Como el Nuestro,1RpCXjlxFGS6LfPOvqSJ7M
Salsa,Eddie Santiago,Que Locura Enamorarme De Ti,1TMxv8sfUhU55AC6Ul1PU5
Salsa,Chago,Se Marchitó,7kmETdyUFv8x5lIrhalJwL
Salsa,Luisito Ayala Y La Puerto Rican Power,Tu Cariñito,5uRd1tmUAvfFGSPR5266Xp
Salsa,Luis Enrique,Yo No Sé Mañana (salsa),1nZziTuPRwCfJe1XvVC760
Salsa,Marc Anthony,Flor Pálida,47TyfLrGhYHHyyQWk64d0M
Salsa,Marc Anthony,Tu Amor Me Hace Bien - Salsa Version,12H7K15h3aC5vRCaca65el
Salsa,Jerry Rivera,Qué Hay de Malo,4b55fVKJprjWWj4KhKgxMf
Salsa,Víctor Manuelle,No Quería Engañarte,7mvgoSoN2klG8M68WZLrYq
Salsa,Yiyo Sarante,Manos de Tijera,5ds1Hh3lo4JUF2vflqyayK
Salsa,Grupo Niche,Algo Que Se Quede,1JXcB149QtbcIpDUA6YZOB
Salsa,Daddy Yankee,De Vuelta Pa' La Vuelta,7AUhck1sPy11OExQmDDx4P
Salsa,El Gran Combo De Puerto Rico,Brujeria,0k1hbeZodoEw34FAdbh8xM
Salsa,Marc Anthony,Qué Precio Tiene el Cielo - Salsa Version,2MnKininlD8bY9ggRNSJ37
Salsa,Willie Colón,El Gran Varón,5XWfwjzFNl2pTB737fx7qr
Salsa,Fruko Y Sus Tesos,El Preso,1Fp4njyRHJYyMTKP899c0q
Salsa,Chago,La Ruleta De La Vida,5IHxlzFAP9PyGpWGnpmq9B
Salsa,Willie Colón,Pedro Navaja,7aKs8kWKKau0SDgaeyZMAX
Salsa,El Gran Combo De Puerto Rico,Me Liberé,1IcnHHfeAkdc88LybFWwb9
Salsa,Gilberto Santa Rosa,La Agarro Bajando,3GgI4QQWvsqqdKCvnNN0UM
Salsa,Eddie Santiago,Lluvia,5Ba4YFq13YdsTosd7mwqzi
Salsa,DLG,La Quiero A Morir,3rsVX2Pd8UkjqF2MAZqeif
Salsa,Willie Colón,Oh Qué Será?,2n1MTLCis6qPSDKdr5XSDI
Salsa,Gilberto Santa Rosa,Que Alguien Me Diga,7JElWLgpQ7lxN1JNIYwuVu
Salsa,Maelo Ruiz,Será Que Si,1hAxMwmqRk0hCbbXOLn4IV
Salsa,Fresto Music,Me Hace Daño Verte,4dyzxv5SsdBtunuU3qj7Ti
Salsa,Johnny Rivera,Cuando Parará La Lluvia,2PBuNxTsXYOCuyNOaoyWc8
Salsa,Diablos Locos,Si No La Tengo,5BSYu3CEg0L9sDBNXOwKTk
Salsa,Willie Gonzalez,Hazme Olvidarla,752aNrC43L3ZCIuPoK8YTK
Salsa,Hansel Y Raul,Ella Feat. Luis Enrique,3CXhO7ZR4kZ0n5dW3v3ACK
Salsa,Willie Gonzalez,Si Supiera,6edMEekESIWsXZrs8GRoOb
Salsa,Nino Segarra,Entre La Espada y La Pared,2UpoA15YFW9ItA8BjXUOJg
Salsa,Los Titanes de la Salsa,Mi Cuerpo No Esta Hecho de Metal,7J4AxUGfwn18fi3WVgFqrA
Salsa,Héctor Lavoe,El Cantante,5Uve0jm1RgxKWzdSvncBDO
Salsa,Salsa Kids,Déjame Un Beso,753mOp9sUQtNQWO3fWpD6A
Salsa,Anthony Colon,Hasta El Sol De Hoy,1ruoF0rzUcG2UZMaeSacRj
Salsa,Grupo Galé,Ya No Te Puedo Amar,0SpeO0AlcVWQVcAZV3RUjZ
Salsa,Jerry Rivera,Ese,23gGTtWSjeTx4HEnAfdCgW
Salsa,Eddie Santiago,Tú Me Quemas,2x3dvaRtPj042Z0NL6lEjO
Salsa,Grupo Niche,Hagamos Lo Que Diga El Corazón,5NR1LYf16E6K5t5AeSYP8P
Salsa,Frankie Ruiz,La Cura,4Ud1ajYPGeovPln74ZtTPZ
Salsa,Hildemaro,Desde El Fondo De Mi Corazón,3rQndjZ676PPjV9QvL42te
Salsa,Polo Montañez,Un Monton De Estrellas,6aRaqc6pTMrm530rf7uL0S
Salsa,Mickey Taveras,A Pesar del Tiempo,1UAnqYmOWtyVXNOA8cPQ8r
Salsa,Grupo Niche,La Magia De Tus Besos,3nBQUOFwVZumOzzSV3h2sw
Salsa,Eddie Santiago,Me Fallaste,6MiYEGaIF4vFHuR7y1pXzw
Salsa,Rey Ruiz,Luna Negra,09Prj3ivNAC9Y80cP4eKnm
Salsa,Grupo Niche,Se Pareció Tanto a Ti - Radio Version,39Mv54BgOJwWDXcRqfZbPf
Salsa,Maelo Ruiz,Si Supieras,2YzhQEikYymq0HR9oc0EGT
Salsa,Guayacán Orquesta,"Te Amo, Te Extraño - Salsa",30kI6aTVphD6phslNnTJUy
Salsa,Maelo Ruiz,Por Favor Señora,6kLFNg5N3nN3djL0raRPZS
Salsa,Willie Gonzalez,No Es Casualidad,7nTOa4XIb8QeQtctTmkJOk
Salsa,LA INDIA,Mi Mayor Venganza,2NCmyKVXhY4iPBXaRCajoi
Salsa,Mickey Taveras,Y Qué Me Pasa - Salsa,7E6LWDOm7duh7iXF3is22H
Salsa,Tony Vega,Haremos El Amor,3eqNIXlRi2KP8tDG5l8mUE
Salsa,Salserin,De Sol a Sol,1lnWfKzWMKhBi2ebffe1a2
Salsa,Jerry Rivera,Esa Niña,3DC6pVXqIHXA5sk7lLjFho
Salsa,Eddie Santiago,Jamás,0EjIBpgI4rbJjFnQ1kX8xd
Salsa,El Gran Combo De Puerto Rico,Ojos Chinos,4zOZQdgs7nSjMkqB7keSM5
Salsa,Héctor Lavoe,Periódico De Ayer,0A6uCqTC2RS0x7lyDTIend
Salsa,Maelo Ruiz,Si Volvieras A Mi,7FntdQdzMcHcD4QhItlq9s
Salsa,Jerry Rivera,Mi Libertad - with Special Guest: Voltio,5irJ9qqvXp2hPpRqAhqWiS
Salsa,Matecana Orquesta,Gracias Amor,09zJAF4Z2v55rU9XXZfA9N
Salsa,Gilberto Santa Rosa,Sin Voluntad,32SPBwfOUyscWaVykPdfrg
Salsa,Adolescent's Orquesta,Hoy Aprendí,3eDqTs9FJuMu7zuFeRjhnl
Salsa,Gilberto Santa Rosa,Perdóname,1ufdzih0Lbpy2orJdYZoAJ
Salsa,Willie Colón,Gitana,4VTb5wB46sZDsfL8XgroGt
Salsa,Erick Franchesky,Fantasia Herida,57YF2sAAoUZqp3gI2rrtRr
Salsa,Gilberto Santa Rosa,Sombra Loca,7hqI73OXybfZ6FV9O4WrNs
Salsa,Adolescent's Orquesta,Se Acabó el Amor,7nxoTSiir8y3vF8HPhFmQ9
Salsa,La Suprema Corte,Escombros,1VqkWZoqbVippDvGeDqG5j
Salsa,Galy Galiano,La Cita,54eCgeI2qOXjAbKwnZ2UK0
Salsa,Willie Colón,El Día De Mi Suerte,7Kmfjms3yyhg2y56mN7EfZ
Salsa,Guayacán Orquesta,Ay Amor,3pVU1VF2VzFC3pUCruq9Pc
Salsa,Willie Colón,Asia,3CfIDPm4i05VYkF0SvEWdb
Salsa,Tito Nieves,El Amor Más Bonito,1aWvCVwdBylQtpPDURZGgZ
Salsa,Willie Gonzalez,No Podras Escapar De Mi,0lacKf3kZXbQ1F17QvurMs
Salsa,Antonio Cartagena,Ni Siquiera,5dPy3sVgBlE7HSbI3n6LOp
Salsa,Joe Arroyo,En Barranquilla Me Quedo,3WXfQDsASfXrSojk9WB3aR
Salsa,Rubén Blades,Decisiones,2BOcua9pjhKuVtgN40AAHX
Salsa,Jerry Rivera,Nada Sin Ti,4h0SQIfkKHJZ1FWVRQbW4H
Salsa,Maelo Ruiz,Juegate A La Suerte,1SCOuHnhQefB9xjMiYH4A6
Salsa,Grupo Niche,Eres,1aBJ5ljG2GalxEl01vQn04
Salsa,David Pabon,Y Nos Amamos,1GJ81TUe0L0V8KpFC2Xobo
Salsa,Ismael Rivera,Las Tumbas,4qD9JUCyC4IrCOO2hGDVDw
Salsa,El Gran Combo De Puerto Rico,Un verano en Nueva York,1q2J8KWeewoqOrZI4a65P9
Salsa,Willie Colón,La Murga,5O2Id1rWAmR9ff9kGUfikf
Salsa,Héctor Lavoe,Juanito Alimaña,336Xdyzllb9WbJIC8XF90t
Salsa,Grupo Galé,"El Amor de Mi Vida ""Se Fue""",3iPlRUr1BKFQVlVM6zxFWl
Salsa,Luis Miguel Del Amargue,Pa Que Me Llames,7f9xOgsbm7SYjBRU7blQaJ
Salsa,Ismael Miranda,Caretas,6CJAk19Xw9rXoUy1Egshpe
Salsa,La Sabrosura,Tu Amigo o Tu Amante,2GgBL5RYZafPzqfHJjn4p6
Salsa,Eddie Santiago,Todo Empezo,3cL9ePuG6NGlmUmXEbOfpG
Salsa,Eddie Santiago,Antídoto Y Veneno,0yRhDd9xQlzu8N0jnVd3Ml
Salsa,Grupo Galé,Perdóname,35a8pxtPd2XyGxZHYnJq2C
Salsa,Johnny Rivera,Por Eso Está Conmigo,5feoX0Sc9Fm9suM6SCbg5m
Salsa,Pedro Conga,Me Niegas Tanto Amor,5IxNeqIl3jaY9jxT3gG9xW
Salsa,Guayacán Orquesta,Cada Día Que Pasa,4kxdHesYx9gy5d9vfvLZcm
Salsa,Marc Anthony,Y Hubo Alguien,4lmOvO7Nc0Ppdz2hk8jpHj
Salsa,La Perú Salsa All Star,Sin Ti,0jb5foXp9lqliiyfxHo6Pz
Salsa,Maelo Ruiz,Nadie Igual Que Tú,5oGlBIyKnwqsfBdbwBoYbv
Salsa,Justo Betancourt,Pa' Bravo Yo,5kzoRHOhLIGVQGsxi8fWpy
Salsa,The Latin Brothers,Sobre las Olas,2ldG5rONyzUeVGIjzqbHOI
Salsa,Grupo Niche,Nuestro Sueño,0g9d2hcBECm8eOuxG9w5kH
Salsa,Adolescent's Orquesta,Cuerpo Sin Alma,6KTwRgRtdgJ6zMPCdfwnNT
Salsa,Bad Bunny,BAILE INoLVIDABLE,2lTm559tuIvatlT1u0JYG2
Salsa,Los Titanes,Por Retenerte,3Zlp3GGVJwQxpNmUy7TBxS
Salsa,Adolescent's Orquesta,Persona Ideal - Me Tengo Que Ir,4UHRMwbbiZ7tkeEkhyN7iB
Salsa,Grupo Niche,Cali Pachanguero,6GsxCYC9UaL0J8b8MVrRqX
Salsa,Gilberto Santa Rosa,Un Montón de Estrellas,2Xg030uYjEA9FNiSKbD3R8
Salsa,Joe Arroyo,La Noche,2uyCcoHiRGttV0uXaNXGB1
Salsa,Héctor Lavoe,Periódico de Ayer - Remastered 2024,2w780pCHPCVOVo32GxSeXp
Salsa,El Gran Combo De Puerto Rico,Y No Hago Mas Na',4fHYtAHpAmsFDq7kTLzgh5
Salsa,Sonora Carruseles,Micaela,1m3paVx65imhvCjPx505Oy
Salsa,Oscar D'León,Que Bueno Baila Usted,1R8upiSmv7U1rRv0qqvIbS
Salsa,Celia Cruz,Azúcar Negra,6KVHqj1QJNzDyeomTdUhsw
Salsa,LA INDIA,Ese Hombre,0aT7slkUrMMGqe4ZVogNdy
Salsa,Héctor Lavoe,Triste Y Vacía,4eJXH4tss0nwgHlaPqMwSc
Salsa,Celia Cruz,Bemba Colorá - Remastered 2025,1i2vjub1G4Kl0xxnIrg5od
Salsa,Tito Puente,Oye Cómo Va,73uEbChpBB29ttwVnwuNVE
Salsa,Héctor Lavoe,Mi Gente - Remastered 2023,0r8zch0A7te0NiM0yDhoXF
Salsa,Lalo Rodriguez,Tu No Sabes Querer,0Z01mDdXiSDW8XQY9d83i2
Salsa,Ismael Rivera,El Nazareno,1DJ0vIXJ2hCZi1aZ9vv32v
Salsa,Hansel Y Raul,Maria Teresa y Danilo,5D1P4P7IxymGprWdbaq8N4
Salsa,Roberto Roena Y Su Apollo Sound,Mi Desengaño,1RKBf3NxIYZXKZNzdrXg69
Salsa,Cheo Feliciano,Anacaona - Remastered 2025,15IdUJipLDBKq0jtI33oWA
Salsa,Héctor Lavoe,El Rey de la Puntualidad,77jCAPrC64AI33hvVYQyn9
Salsa,Luis Enrique,Desesperado,3NYWeHXkfrcYa4iXegFUR5
Salsa,Eddie Palmieri,Vámonos Pa'l Monte,65kCIrgNhXeufeG2WVmHId
Salsa,Celia Cruz,Usted Abusó,3FNjqlfbQ153UsLKhDIxHo
Salsa,Ismael Rivera,Dime Por Qué,2sw9MhaAR1tOLIzmMwyU4Y
Salsa,Sonora Ponceña,Fuego En El 23,5EX3Q9GWGMtvvugQFkNTUb
Salsa,Orquesta Harlow,La Cartera,1mpKcP8f2gQrInkh2FLb1N
Salsa,"Pete ""El Conde"" Rodriguez",Catalina la O - Remastered 2026,5Rhiq6p1Eddnr70X0ICMb4
Salsa,Ismael Miranda,No Me Digan Que Es Muy Tarde,5kiRyGmKOdmc2SyD3JqcSI
Salsa,Bobby Valentin,Mi Ritmo Es Bueno,5hSGXZRFbpKLbxyBXRKoye
Salsa,Sonora Ponceña,Yambeque,1FbwbKzs9Qrg9ZXaYlP164
Salsa,Chino Pons,El Flautista,5GGv0RlVG44W9iWpkSs1XR
Salsa,Ray Barretto,El Watusi,5jK21S6FXKQqjlK4vTBiMd
Salsa,Ismael Miranda,Abran Paso - Remastered 2024,6Vsk73MArJQeUoNlhRJEbv
Salsa,Fania All Stars,Quítate Tú - Live,1rijHA5veEZDV5CrGLpex6
Salsa,ChiChi Peralta,Amor Narcótico,7guVlnmdqpcFjJmwP6RSRr
Salsa,Pochy Y Su Cocoband,Salsa Con Coco,3Xy4svERcnUuFcOaBI0539
Salsa,Tito Nieves,De Mí Enamórate,2vfjmgIDCyOePakeUPFFns
Salsa,Adolescent's Orquesta,Arrepentida,4lHzRngQQA2f7dyj8vp6Lx
Salsa,Tony Vega,Ella,2b6QZ3m0WgdivzhgujLt5O
Salsa,DLG,Juliana,1Lm4aFolaeESmsGSzgpCuK
Salsa,Tito Nieves,Ya No Queda Nada - Salsa Version,0rWfWAImGqoxFCjmunuwfR
Salsa,DLG,No Morirá - No Matter What,2PsTyxNYFJ5AnjpYOUo3VN
Salsa,Rey Ruiz,Si Te Preguntan,3Bg1xF0RPxbFN4eIen8PSG
Salsa,Frankie Ruiz,Puerto Rico,4doloJKKvqdQTlId3BWMWk
Salsa,Edgar Joel,Hasta El Sol De Hoy,5WclvUYBMB0461AqVf2SNm
Salsa,Marc Anthony,Hasta Que Te Conocí,7GwIVVxHiE6uyJrYSdCNMH
Salsa,Johnny Rivera,Voy A Conquistar Tu Amor,0LA4IuLBPB7MrUVrzEnT3q
Salsa,Frankie Ruiz,Mirándote,61HBVoReWHVKEhG3xSWGCK
Salsa,Marc Anthony,Se Me Sigue Olvidando,2wHtuxkW4dFAlwGkbnwa7l
Salsa,Johnny Rivera,No Vale La Pena,72gQLpxVFT03SKPcc0qmjw
Salsa,Tony Vega,Lo Mío Es Amor,2nrgLBYAFMzkPVHPutkPqw
Salsa,Tito Rojas,Nadie es Eterno,3dIsE9NgUFNTqt2BfGZz3o
Salsa,Paquito Guzman,Cinco Noches,1USHOOAhielgv618ZQmp1U
Salsa,Víctor Manuelle,Así Es la Mujer,3K3SHVdTZDczjFgxvyDO4z
Salsa,"José Alberto ""El Canario""",Bailemos Otra Vez,75GKbV4FMTyJt5JB2sOEHa
Salsa,DLG,Todo,03T7M7m00T0WMGdS3z3WWn
Salsa,Raulin Rosendo,Lady Laura,2kzquEERgcPf5uO55ARVRR
Salsa,Marc Anthony,Llegaste A Mi,2nIZpaxsp0CKlCg8Okfatq
Salsa,Luis Enrique,Tù No Le Amas Le Temes,31fgUJf2VBazZPGseEdsbZ
Salsa,Guayacán Orquesta,Invierno en Primavera,4msCUvdqp4wpdwMWwGVguO
Salsa,Frankie Negrón,Inolvidable,6JeEtAKTZj4hz7KqxmhJpU
Salsa,Luis Enrique,Así Es la Vida,7sxCk2tplxW6yEVlguvgET
Salsa,Brenda K. Starr,Herida,6a09sAXkgnkfSW8HEDJzBf
Salsa,Orlando Collado,Llorando,3xt4LD7CTYxTA5kJSnGeI4
Salsa,Luis Enrique,Date un Chance,0mW2TeZmav4gTBzsMcy811
Salsa,"José Alberto ""El Canario""",Hoy Quiero Confesar,6RwSArRqIkevufNYbpeapz
Salsa,Los Titanes,Zodiaco,1RomkFIk4vXjvmjJaoOGc2
Salsa,David Pabon,Cara Dura,1AAx4NAWkHhvYBwXXwcpkJ
Salsa,Tito Rojas,Amigo,5Yx0DQ4C5rK9B4JmQUnyn1
Salsa,Frankie Negrón,Hoy Me He Vuelto a Enamorar,49TAVpzyEtdSQBYH71Uhed
Salsa,LA INDIA,Me Voy a Acostumbrar - Versión Salsa,1s3ynbEWHKyMj2O7Gf9FmS
Salsa,"José Alberto ""El Canario""",Discúlpeme Señora - Live,2S0vTCGcyfagQXsACaDygq
Salsa,Tito Nieves,La Salsa Vive,2CwVYhTdEkCWF1qNkkAa3M
Salsa,Tito Rojas,Usted,217OiircokozWB5frngZOs
Salsa,Frankie Negrón,Remolino,00bGrgNvhYh3zt5PC0co3K
Salsa,Gilberto Santa Rosa,No Quiero Na' Regala'o,3P8iA7lYVCxmQxjrdTb3hW
Salsa,Andy Montañez,Un Verano En Nueva York,2BNonWqC7arlCrknZPyoEN
Salsa,Luisito Ayala Y La Puerto Rican Power,Juguete De Nadie,25gKDYktpgqSQGdxwDoTsh
Salsa,Anthony Cruz,Dile A El,7v7VXdLHnTq8q4wmvSo7A9
Salsa,Moa Rivera,Cosa Extraña,18z0OksR0zYfEHA7WkADf9
Salsa,Rauw Alejandro,Tú Con Él,2eQFYGegTZaObk2kuBz83Z
Salsa,Luis Vazquez,Soy Tuyo,7HS1D1HsjTqy95jJxrBc8e
Salsa,Moa Rivera,Qué Tiene Él,1qeQl1u6v27pL5TiyUHygY
Salsa,Camilo,Una Vida Pasada,7y91nQBMhyeHWTn9wVvhKl
Salsa,Luis Fonsi,CAMBIARÉ,0DHkA97Q6SWz7uanmsCy8u
Salsa,Marc Anthony,Pa'lla Voy,05jVbjHBsX3V8OxFWlpayR
Salsa,Romeo Santos,Yo También (feat. Marc Anthony),5A9AILetvfQg3LHyX5X0pV
Salsa,Danny Ocean,SI ES AMOR,7JahThtCGJ9cdn6HWTWf9S
Salsa,Marc Anthony,Mala,2kjj1x4sXh2D9ACYNnvVMn
Salsa,Víctor Manuelle,Si Tú Me Besas,4RCzKrRP5OrB4bvINizTGf
Salsa,Mike Bahía,De Qué Manera,3HMlb6Dh9OGr3CjV6IwjEP
Salsa,Manuel Turizo,Sigueme Besando Asi,5Pe01pJteufOjmf7KZeFJB
Salsa,La Gloria Matancera,Con la Punta del Pie,4rt2zpNhFBayp948Pi6liZ
Salsa,Maluma,Felices los 4 (feat. Marc Anthony) - Salsa Version,6PNG5G1v7pU74I13KkvAIo
Salsa,Camilo,PLIS,3n09XAEgP8s2gPXmdoUe2Z
Salsa,Maluma,1+1,4IIVfcAGxVXGMbwIpj6ZXJ
Salsa,Camilo,No Se Vale,5Q1MSdJ56O9BxB6wIvjsXY
Salsa,Raulin Rosendo,Uno Se Cura,2jIeTDKCMcpyEzR3KCnIfW
Salsa,Camilo,Gordo,0KcyU1JCY5W8WGuILa8MDv
Salsa,Gilberto Santa Rosa,Cartas Sobre La Mesa,0uXqpDkoW72tss8cbja7Ew
Salsa,Miguel Enriquez,Abre Que Voy,3ihMiG7GPZdsWJcf7Tyevw
Salsa,El Micha,Suma y Resta,1j6HyQf4y1IiHFewyXnxK1
Salsa,Rawayana,Incomprendido,26PPEd7Q5tpmFLpAFmpUIl
Salsa,Luis Figueroa,Vienes,16UmAk18CfaF0nTzPwCRAA
Salsa,Lenny Tavárez,EL YATE (feat. Sergio George) - Versión Salsa,6BOuw1v7iJbOPYR9PigeJ4
Salsa,Maria Becerra,ROMÁNTICA,0sbtnge2Ao6yk4ypmTmOGb
Salsa,Mike Bahía,Cali Buenaventura,0W8UQlUt6yVuPeUvGU7OdK
Salsa,Farruko,Esta Vida - Salsa Version,3LQRYzzorWl2s57ydIM6db
Salsa,Christian Alicea,Es Un Secreto,1Wi86cXpfWulFjThqb3JcF
Salsa,Mike Bahía,El Que Ama Sufre,0FLKPJQtOzb0Xw1qKWXuzm
Salsa,Luis Figueroa,Todavía Te Espero,5N672z43ZiJfvgDwTaCxI0
Salsa,Sergio George,La Puerta,34bjkVVJ0bPS1NbeseqpVj
Salsa,Willie Colón,La Murga - Remastered 2025,5prXxiKRjuEOiCNA5miXHQ
Salsa,Carlos Vives,La Tierra del Olvido - Versión Salsa,1GyiVfgqFkIlGkN0FDnJJQ
Salsa,Pirulo y la Tribu,Loco Pero Feliz,5yGzJ9gphxtII2eoI1Qj9t
Salsa,Jonathan Moly,The Reason - Latin Version,1ON345iq5mxx518u3U4pyn
Salsa,Mike Bahía,Como Te Hago Entender,4wSBxQJhhohJeMUeqRfCX8
Salsa,La-33,La Pantera Mambo,6258We1xSV3M2oLVMwhirP
Salsa,Christian Alicea,Aroma,5kS75vYtuoUbTNRnKU8wL2
Salsa,Leoni Torres,Pasándola bien,2EIyJvl9vIM9CE5VlUVf4G
Salsa,Tito Nieves,Tuyo - Nueva Versión,3UvrGgZVxXmqtHbISGiDwz
Salsa,Grupo Niche,Cosas Bonitas,3zVf7Ssg55ioIak3B1aWSY
Salsa,Christian Alicea,Carrusel,55fdpNzyRJOTr5DnIwWHYK
Salsa,Leoni Torres,Corazón Roto,2X3Xzw2BAxjHONkpMNH8Xf
Salsa,Luis Figueroa,Más Que Un Beso,6Khxj8BjukKHwAnmRLaRUT
Salsa,Frankie Negrón,Comerte a Besos - Salsa Version,5CTj6t8M4n8ft81jN8o1S7
Salsa,N'Klabe,Pa'lante y Pa'tras - Remix,0j1Fh9m0wZbvTIl8xIlSKH
Salsa,Christian Alicea,"Hello, What's Up",11GVewr1WRV4CFJtgrL5mK
Salsa,Myke Towers,LA RONDA,6LsXU5cUoOqC2YnUCu7b5E
Salsa,Jerry Rivera,Mira - Versión Salsa,4nYuL6R1SuWAOJRwAWasct
Salsa,Jonathan Moly,"Me Enamore de Ti, y Que?",6egUo2ex5rvY4TBa5TGpMd
Salsa,Yiyo Sarante,Probablemente,1CcfK5lgUbETJBaI39p3ro
Salsa,Reykon,Mala (feat. Victor Manuelle) - Salsa Remix,6ZIzbuU1QzGpSfFdWFKKqL
Salsa,Yan Collazo,Tesoro Mío,1Rl1t74MdEZVcRHYVSdawK
Salsa,Ronald Borjas,La Noche,4719W4pIdmaH0tawsJBeNf
Salsa,Chuwi,Tikiri,3x6mcLgaZNaBGONTG2Ebb1
Salsa,Grupo Niche,Cali Pachanguero 40 Años,64H2xGPNjBtXNsTWflotcl
Salsa,Ray Barretto,Margie,468KewwnYDaGofS7CHhR3K
Salsa,Eddie Santiago,Cada Vez Otra Vez,7j3KTmge5VaTBQyHOV4gDw
Salsa,Grupo Niche,Entrega,0O2j5GTz60A3K7dMZn4WQC
Salsa,Héctor Lavoe,Un Amor De La Calle,66juz7XEijXRIMtFXYtuSi
Salsa,Lenier,Si Tu La Ves,04v1ifU5ICftn7GKzaFpl9
Salsa,Ismael Rivera,Incomprendido,3ImM4OW5DAs91JVoReV6m6
Salsa,Luis Enrique,Yo No Se Manana - Salsa Version,5jJTqI5yteOyLWoDTjiHCO
Salsa,Willie Colón,Todo Tiene Su Final,7r0ckjpJUZwOASD1VLJgS7
Salsa,"Tito ""El Bambino""",¿Por Qué Les Mientes?,5G9apJpojORVj2gwLgmSrD
Salsa,Joe Arroyo,Pa'l Bailador,4JzviwEqthvivOdrYJYRdZ
Salsa,Lenier,Como Te Pago,7we7oZsjbgE7h0kbYu1aej
Salsa,Los Bravos de Panama,Lagrimas,1xygRDEU3ZI63I3gISgAVn
Salsa,Tony Vega,Ella Es,052ZJYS3C2IrQFK5OnQGB4
Salsa,Pedro Conga,Si Supieras,6JUOHyIgRFhZumikb2u1uA
Salsa,Septeto Acarey,Eres Mi Sueño,5ZA9ItQp7DyG6pPkSsq3Bn
Salsa,Bembe Orquesta,En Peligro de Extinción,2zPUGkFAw3gCMcEqWLLWpP
Salsa,Johnny Pacheco,Quimbara,6ydEhrdfzhI29D2NBAqUY1
Salsa,Daniela Darcourt,Probablemente,2eM20Ku7jc2DVpV1EHNpra
Salsa,N'Samble,Me Vas a Extrañar,10OXEEbtNRaeiHeKHj25XB
Salsa,La-33,Soledad,3bpqoOSDwdaK003DPMvDJQ
Salsa,N'Samble,Corazón Embusteros,527sYZvnJbG8z5ScW2DAVU
Salsa,Louie Ramirez,El Títere,2lGUbTTWMw0trOSo62SRco
Salsa,Guayacán Orquesta,Mujer de Carne y Hueso,4v0lURbWw1z1e5Reisjfx5
Salsa,Rauw Alejandro,Mirando Al Cielo,36OCbZGpcEUaris4NTVivu
Salsa,Prince Royce,Adicto - Salsa Version,6LoZsbVlGfwIPhw91VYqop
Salsa,Don Omar,Sincero - Versión Salsa,5mQtZ1tv8of7sHwdOOiW6T
Salsa,Alvaro Rod,Vamos a Escapar - Salsa Version,1A474NyT5UKjqElE2JN6Km
Salsa,Víctor Manuelle,Ella Lo Que Quiere Es Salsa (feat. Voltio & Jowell y Randy),6l9iRzgakAc5U82eVbt8ow
Salsa,Yuri Buenaventura,Salsa,3Mu6kHKoDJzrbOaJGLqpkw
Salsa,Celia Cruz,La Vida Es Un Carnaval,1BwrMGGhPA6GarWIYaFrW8
Salsa,Guayacán Orquesta,"Te Amo, Te Extraño",35pb2JKM2CLld6lE65AVrZ
Salsa,Adolescent's Orquesta,Aquel Lugar,2vHNqDJe1qvt1sroQfNHSI
Salsa,Nino Segarra,Porque Te Amo,0DrNa6Ol75djsKlw67TABQ
Salsa,Oscar D'León,Detalles,4ZWksPVZdma0A5GiSCStIK
Salsa,Jerry Rivera,Cuenta Conmigo,1F1VPI3wUKEKA1DPx5Y9Fy
Salsa,Jerry Rivera,Casi un Hechizo,1ZYxQo0ZDNjye7ygHWJHle
Salsa,La Dimensión Latina,Llorarás,2naqSVQHgiaoEpxtkVOhmK
Salsa,LA INDIA,Vivir Lo Nuestro,3pbHWsFxkCnS9Bp4tAmYNi
Salsa,Frankie Ruiz,Deseándote,6eRmG7DPom2FfRNAoCmjqb
Salsa,Marc Anthony,Valió la Pena - Salsa Version,0ueJesXdxikucezsJr2ejB
Salsa,Fruko Y Sus Tesos,Cachondea,0z1jqSzPEiblIxozrI9Tto
Salsa,Grupo Niche,Una Aventura,26ucR33snMkRD6JExhoD6I
Salsa,Rey Ruiz,Amiga,4gy8TVpFHgK3GSEcgacGF1
Salsa,Edgar Joel,Hechizo De Luna,6NwmhoJjGFglESPQFaQWUy
Salsa,Tony Vega,Aparentemente,0KVP7acJXaxGx10hutXpui
Salsa,Luis Enrique,Yo No Sé Mañana,54uBpRpdpMx96JAk1OyHez
Salsa,Frankie Ruiz,Mi Libertad,5U1cEuyrUubzj5gc5T7uND
Salsa,Grupo Niche,Sin Sentimientos,4ubwzNjqHGaZZ5k06PDx1H
Salsa,Joe Arroyo,Rebelión,3v32VtMTRZbIQJUFsQpeJD
Salsa,Tito Nieves,Fabricando Fantasías - Salsa Version,5bkWgrKyNhMcriQP3CrHEA
Salsa,Maluma,La Fórmula,5Fh9fyHRnSwKLo4asG6fEX
Salsa,Lalo Rodriguez,Ven Devórame Otra Vez,5mg6sU732O35VMfCYk3lmX
Salsa,Víctor Manuelle,Por Ella,6xggO96o1OD6zNd5wjevhQ
Salsa,Celia Cruz,Quimbara,3GDna1GrUkkjZTaoysolGQ
Salsa,Willie Colón,Idilio,5iwgEFKEktjBBZV3C9TTZj
Salsa,Tony Vega,Esa Mujer,72Y6CV9Q9ORINMI0GcyOpO
Salsa,Víctor Manuelle,Tengo Ganas,5nmLj87o23HJrI7GgqXXUw
Salsa,Willie Gonzalez,Pequeñas Cosas,36T4XY4vbxmw40XMJPe3zw
Salsa,Andy Montañez,Casi Te Envidio,3lfWaQLyg71Uar9gAgFVWV
Salsa,Tommy Olivencia,Lobo Domesticado,07RVxiFKeWvBF8aKuPMaXk
Salsa,Jerry Rivera,Cara de Niño,4qsrxXxk4GCGih80VGmaAl
Salsa,Frankie Ruiz,Tú Me Vuelves Loco,2oyuJuVCq3nQdMEm6aAMRm
Salsa,Adolescent's Orquesta,Persona Ideal,0u2LbmKA70atp4J59QUnHW
Salsa,Adalberto Santiago,La Noche Mas Linda,7mpGs6DDQ2kpNZr9Pmvpo6
Salsa,Viti Ruiz,Caricias Prohibidas,6ygcsyNINY8tSvzKzHiKkJ
Salsa,Rubén Blades,Amor y Control,1oUjLEp7oCpjQlSCiwBZsF
Salsa,Los Titanes,Sobredosis,3EpEMEdNdgCBDLOtSLFAyh
Salsa,Grupo Niche,Busca Por Dentro,2uJyG7lhmZ8bFrbVVlc6AH
Salsa,Willie Gonzalez,Quiero Morir En Tu Piel,3t3jGDeU3t1ro51C3x2pPR
Salsa,David Pabon,Si Me Ves Llorar,0vMywJjFDTF7fhUxTBD3a3
Salsa,Guayacán Orquesta,"Oiga, Mire, Vea",17Sfr3T1chYPGcmM4VlhCh
Salsa,Rey Ruiz,No Me Acostumbro,4SjBGbtJz77ximBiOZcIn6
Salsa,Víctor Manuelle,He Tratado,236qXqcmitHCZ3SHoGZN8g
Salsa,Roberto Roena Y Su Apollo Sound,Como Te Hago Entender,588fZDQv1c7F3iP68Pp3My
Salsa,Rey Ruiz,Mi Media Mitad,64QyipABOzDwoUFqaEnCvU
Salsa,Víctor Manuelle,Apiádate de Mi,4ZVgDysve5dcNK6TX84t8e
Salsa,David Pabon,Aquél Viejo Motel,286NP8kXWzx2uHb5tr7TGv
Salsa,Frankie Ruiz,Desnúdate Mujer,65nL3OLuHHfEYxKkHMQ1fL
Salsa,Maelo Ruiz,Amiga,0mQRgVdhDiEsFVjJdTQBat
Salsa,Yiyo Sarante,Corazon de Acero,2fM9D3e5pyVBzqOBgMC8ap
Salsa,Willie Colón,Talento De Televisión,3fRIuTih8bzc0vtY9fHhvF
Salsa,Gilberto Santa Rosa,Conciencia,5bccusEjEtnC5cDfWXQ8rf
Salsa,Víctor Manuelle,Dile A Ella,45nyOQWvhjn9bfAoTIKCuJ
Salsa,Tito Rojas,Siempre Seré,1FcUm2UbruVWMqQxzDhRWH
Salsa,Eddie Santiago,Mia,3x4oECarDKCZxecqOYis52
Salsa,Tito Rojas,Ella se Hizo Deseo,6xcpIxu4IDH2gzAYCr6dIR
Salsa,Maelo Ruiz,Te Va a Doler,2h6WIOkTPvHSAD7vR6lMSS
Salsa,Los Kassino de Chucho Pinto,Problemas de Ciudad,7K4H5xAlzDxNMJD2LJh9Sc
Salsa,Andy Rubal,El Pilón de Amélie,2OWJIu3lHJc9Kzw629rXi3
Salsa,Víctor Manuelle,Boogaloo Supreme,3X5h9JHRn22bwysuTLVOXQ
Salsa,Maelo Ruiz,Si Volveras a Mí,1PSD7RIsoOGQPgzmV7B2f6
Salsa,Maelo Ruiz,No Más Mentiras,6kOXNBrcgZQewApwXxvh5q
Salsa,Maelo Ruiz,Este Amor,5PCYquODQL3Vf7YQPseGK7
Salsa,Maelo Ruiz,Y Me Dolió,07IaOJnlU8l0G478NBnbUA
Salsa,Antonio Rios,Nunca me Faltes,3YCcsuRdJArE4rsAG5V3sW
Salsa,Maelo Ruiz,Te Necesito Mi Amor,53eYV0Xo8fj2wTVb5GIIiK
Salsa,Maelo Ruiz,A Media Luz,4qPmRcWs74XLYjSp3xUj9M
Salsa,Maelo Ruiz,Te Amo,2sgJIMebsWkVacU2kIpiWE
Salsa,Adolescent's Orquesta,Recuerdos,1OFb5EPb3J3iJwdOekjY2d
Salsa,Sergio Vargas,Muñeco de Trapo,0k9AVNw7D4NrJleQtfQIKc
Salsa,Maelo Ruiz,Por Volver a Amarte,7KmvdgeNVT5fCPzKyo28qy
Salsa,Maelo Ruiz,La Única,2P4ZVTVytL0RK6UNl4h1sB
Salsa,Oscar D'León,Lloraras,6QJ1F9DrlsRSmKDcdVS0Oy
Salsa,ChiChi Peralta,Procura,2q9udNV9NK0BL3q9p6TLxf
Salsa,Juan Luis Guerra 4.40,Como Abeja al Panal,6td7NePiezvAs5nmTzAKI4
Salsa,Juan Luis Guerra 4.40,Carta de Amor,0SVmraNFl0Kmt4PO0KrFNk
Salsa,Jonathan Moly,Luna De Queso,6RZfZgF9YdezFWLWxs4j6I
Salsa,Jonathan Moly,Piensa en Mi,1JSByHfH1cJK4C10EYC5ke
Salsa,Tito Nieves,Más Que Tu Amigo,3kiUwC7AzDzGNYzy27QIhN
Salsa,N'Klabe,Se Parece a Ella,2VzHYhobqppIIqAECaApJ4
Salsa,Marc Anthony,Nadie Como Ella,17tppWCu7W5E2lozGQFJeE
Salsa,David Pabon,Como Lo Haces Conmigo,37So22PvbOyE557EAPkann
Salsa,Chiquito Team Band,Que Rico La Ponen,42abbagRB04336sXDlbXLn
Salsa,Chiquito Team Band,Los Creadores Del Sonido,6FmsDR8urf5EqiCZbkWXgS
Salsa,David Kada,Me Sobrabas Tu,7bIMaOoXUq459jIK0kWq4q
Salsa,Víctor Manuelle,Víctimas las Dos,455JfVvyPOZpoeX99X6ZGH
Salsa,Joe Arroyo,Ella Y Tu,6rSzWglibJ6Tm3502ue0EJ
Salsa,Marc Anthony,Si Te Vas,6gP2ecGSf52TexVx9TXFYg
Salsa,Marc Anthony,Contra La Corriente,22GxtWFeORJZaptz26pxet
Salsa,Son By Four,A Puro Dolor,2NRbw7X5hCsJSlPn69vmvG
Salsa,Marc Anthony,Si Fuera Fácil,6MP7omyS2mGSZh6DsJwtiw
Salsa,Maelo Ruiz,No Soy Nada Sin Ti,5rXSH28OSjQYYGX55yQCUk
Salsa,Maelo Ruiz,No Entiendo,1yLh26fWrqrUUsk9b7kxNq
Salsa,Maelo Ruiz,No Te He Robado Nada,2oQoCHS2y1OsiPj3JsAaZ0
Salsa,Maelo Ruiz,Sencilla y Bella,7zHO7mYPj7uhcVOVkoSVYZ
Salsa,Maelo Ruiz,Enfermo de Amor,3ibSe661qvYkiBmdW6PGK6
Salsa,Maelo Ruiz,Amar Nunca Mas Lo Jure,233vVftSj8q1TP7vkpG0yV
Salsa,Maelo Ruiz,Como Perro y Gato,0oW8phNSucZGljR0QXGcUs
Salsa,Maelo Ruiz,A Mi No Me da Igual,4StGCAMReObDpyQRz1XYYk
Salsa,Maelo Ruiz,Es Mucho Mas,1wdOLICRdUARfGS0yL61me
Salsa,Maelo Ruiz,Quién Te Enamoró,7rWVYPBilZQoKDZGqpUb8g
Salsa,Maelo Ruiz,Te Propongo,02DucgHxquVUYKFkhbfgHA
Salsa,Maelo Ruiz,Se Que Llorarás,7o8uqUAT8jIm9fbI5KLXkA
Salsa,Maelo Ruiz,Cada Latido de Mi Corazón,46ovCRJh6AO1MX80Ygfyse
Salsa,Maelo Ruiz,Donde Esta Tu Amor,7hXyKHQIqkZTjv0ffeFH2B
Salsa,Maelo Ruiz,Injusta Relación,247vIMCCuO9okr10XIvQwc
Salsa,Luisito Ayala Y La Puerto Rican Power,A Donde Iras,6BWPT5ku80skdgRnBuMJ28
Salsa,LA INDIA,Nunca Voy A Olvidarte,4uDRJLRjfWhuH3ny3sodh7
Salsa,Guayacán Orquesta,Carro de Fuego,0smZHOHWq1EZeh8T1oDTsZ
Salsa,Adolescent's Orquesta,Anhelo,4HIeIbJeQMUurTM57KVQU7
Salsa,Adolescent's Orquesta,Virgen,1HWbpfmzt1YplLceHgirCv
Salsa,Grupo Niche,Gotas de Lluvia,5R43U2P8fQ06f7u68WlZT3
Salsa,Víctor Manuelle,Mala y Peligrosa (feat. Bad Bunny),0afpbPmRHldjP59YRslQz9
Salsa,Eddie Santiago,Tú Me Haces Falta,1JQz2S1DRn1myrnSJTbkEY
Salsa,Marc Anthony,Ahora Quien - Salsa Version,5A32KQZznC2HSqr9qzTl2N
Salsa,Frankie Ruiz,Tú Con El,6sRQjwLPdzADXhgZeKy6PQ
Salsa,Lirow,Quiéreme Tal Como Soy,1GfWZOqa0uvV9O9FqtOfIC
Bachata,Romeo Santos,Propuesta Indecente,5PycBIeabfvX3n9ILG7Vrv
Bachata,Romeo Santos,Lokita Por Mí,2aG4AXf3TUtlmk4s9BLYDi
Bachata,Rauw Alejandro,SILENCIO,4q8bfTmtDfgLGmDc5IuoIQ
Bachata,Rauw Alejandro,Khé?,1YYfyJ2yCvGFCxwjsIqEK9
Bachata,Romeo Santos,Dardos,5SudOD9R1Of6CsJVWZy6CQ
Bachata,ROSALÍA,LA FAMA,77VjuBo3CJbamC3gzaUzK9
Bachata,Prince Royce,Lao' a Lao',7FERDnffKGQKul3P32Sm37
Bachata,Romeo Santos,Estocolmo,297aftK2sB8BZl7UOFXWWR
Bachata,Aventura,Obsesion,65H6t1WQBim6q93yM8fEwn
Bachata,Juan Luis Guerra 4.40,Burbujas de Amor,0UoAcG1vxtFjes7rZz8Js0
Bachata,Monchy & Alexandra,Dos Locos,1zqs4qqfvaYHL6LBjW4NNA
Bachata,Manuel Turizo,Por un Pendejo no se llora,4VPl3WGYKxQG8EVis7uLDt
Bachata,Romeo Santos,Sobredosis (feat. Ozuna),1WbXIpiGBJkCiv3hn40iPB
Bachata,Romeo Santos,Better Late Than Never,6E16aoeOwaph7iNqiw38Mo
Bachata,Frank Reyes,Nade de Nada,1itsCwwxLuJj5IKTbkRmXv
Bachata,Romeo Santos,Odio (feat. Drake),1iLv1ieT9BZ3qsti9yTCnG
Bachata,Romeo Santos,Ay! San Miguel,2VvUmQa6de37Qx0RzylllH
Bachata,Prince Royce,I Want It That Way,7CSQp9T3JtkjQGPmpR1vTb
Bachata,Romeo Santos,La Diabla,252UPuQsncbBFhTrx4Ytcc
Bachata,Romeo Santos,La Amaré,03QdTRXs5i1hPP3frJNxTl
Bachata,Romeo Santos,Necio (feat. Carlos Santana),3DKWF8is9hzp84aSxnhlag
Bachata,Prince Royce,Morfina (feat. Paloma Mami),4PFTO7EacpZMyuTa5dZGml
Bachata,Prince Royce,How Deep Is Your Love,3ecNVtpbki6jYHlmHizHqE
Bachata,NATTI NATASHA,Escasez de Besos,2kEC8t2FoGrN5H9FxnNBJn
Bachata,Romeo Santos,Llévame Contigo,0uLwWjN1KFO678WNJcZDkw
Bachata,Romeo Santos,Cancioncitas de Amor,6bcdiJvYNX115yvbh3wASz
Bachata,Prince Royce,Darte un Beso,6cJLfIqwh0tCKRjYM3WpZ5
Bachata,Romeo Santos,Hilito,6CKlQHQIxhWtq7MnEJ6QCz
Bachata,Aventura,Volví,2vmfvSoZBFAt9hhRoEByLi
Bachata,Romeo Santos,Promise (feat. Usher),0jr6tT2vc4cIFPHb6wufG3
Bachata,Prince Royce,Dancing in the Moonlight,3H0MZWoFs9THnbYbjFkeHn
Bachata,NATTI NATASHA,Desde Hoy,4ob6ms155NnDHo3NcNqeue
Bachata,Prince Royce,La Carretera,2yvjjJrWzVzA2zg4VsoEmo
Bachata,Romeo Santos,Mi Santa (feat. Tomatito),4EbAftNM732UGLF8gmIIsX
Bachata,Aventura,Su Veneno,709hAukJxapqTU9VhsiQm0
Bachata,Shakira,Monotonía,6G12ZafqofSq7YtrMqUm76
Bachata,Romeo Santos,Solo Conmigo,22iCMlT0xYryKNnz4X5Vwn
Bachata,Prince Royce,Can't Help Falling in Love,0Hl6lMsM9nGiPdWTo6FHmk
Bachata,Prince Royce,Stand by Me,0DQd0tWurMHUAv0cMnDELH
Bachata,Enrique Iglesias,ASI ES LA VIDA,0Me3GyNuLOa1YTIxhJPyCn
Bachata,Prince Royce,Deja vu,5clmffOxeckeJ2e3GMy6UZ
Bachata,Aventura,Inmortal,2swZ0X1njeU32SNJeBKIfW
Bachata,Romeo Santos,Debate De 4,1dZe54pxTPI1XsISVTR6ns
Bachata,Romeo Santos,Que Se Mueran,7FrPSk0rZdCPR50pfzdzMK
Bachata,Prince Royce,Incondicional,5GQIxPkd4OaLECpw8ZPZFm
Bachata,Romeo Santos,Héroe Favorito,6BdAwMv1YorLfkBWlE493X
Bachata,Romeo Santos,You,1sQrCwV8vvtYLqa0KQlwE9
Bachata,Prince Royce,Carita de Inocente,30oZjF87SHCd0CE0ttGm5U
Bachata,Prince Royce,Te Robaré,3fPMRb2gcFTZcYmR0bXnDc
Bachata,Romeo Santos,7 Días,3sTVMGhTdyyLM67WyYhYMB
Bachata,Romeo Santos,Canalla,4XEXrp37kZXpQTB2r5vWbS
Bachata,Sin Bandera,Entra en Mi Vida,4W6za66pgH7QBbeiU9kS1v
Bachata,Romeo Santos,Amigo,4n82bvvKnaCSbM0pXWbR1S
Bachata,Romeo Santos,El Beso Que No Le Di,2kcc5humLS6PKOI9rwvXex
Bachata,Romeo Santos,Bebo,7HsebNHZDGj8UhWIrZaMx6
Bachata,Ozuna,Ibiza,1h9P5WJwyvK8OB7O2YiXgp
Bachata,Romeo Santos,Inocente,6rXvMpWJbTyhSrVWye7jPE
Bachata,Zacarias Ferreira,Es Tan Difícil,0Ihu6hcj4hrWVz22W3G10P
Bachata,C. Tangana,Tú Me Dejaste De Querer,5ddFjrPG8NgQQ6xlOQIVd2
Bachata,Romeo Santos,ileso,2zHgz7X52WqdckhjMJj6mt
Bachata,Romeo Santos,La Bella Y La Bestia,7ouoNxUzbi6bLGOZdjp8CH
Bachata,Romeo Santos,Soberbio,6hV6EpITzeBa1mzq5tvqpj
Bachata,Juan Luis Guerra 4.40,Bachata Rosa,3H9GcHKKJyZ9TEOLKlJ1U5
Bachata,Chayanne,Me Enamoré de Ti,1sJFu2pvYJhtEOo9oVe1TZ
Bachata,Romeo Santos,Payasos,1soECbw2IFdWt5W8Rb4uG7
Bachata,Marc Anthony,Punta Cana,6tFXzOTZCTZ8t62NiLjC5z
Bachata,Prince Royce,Las Cosas Pequeñas,4Toh8quWdvfkOAYIPXzWAe
Bachata,Romeo Santos,Carmín (feat. Juan Luis Guerra),7feNblkR0A56vttsAGTyzK
Bachata,Romeo Santos,Me Quedo,301E9bwin8Gh2PCp0doIDz
Bachata,Toby Love,Tengo un Amor,4dz2XW41AQTMn0bFKzaqsr
Bachata,Vicente Garcia,Carmesí,3fk5fBFB27GbWGATdBpOgr
Bachata,Romeo Santos,Centavito,68py7hjoxoGSE8HEoQIIwi
Bachata,Frank Reyes,Quién Eres Tu,0D0hqpMEi4aHukh8zP5gSF
Bachata,Romeo Santos,Tuyo,3cZhoRYQFqJ8B9z0AN9gJB
Bachata,Romeo Santos,La Demanda,3zVibdZHsVH05p5Crux6xX
Bachata,Romeo Santos,Boomerang,0ill3qz7eiLAswHanCCoeJ
Bachata,NATTI NATASHA,Tu Loca,3rNjg96AJMRTsRZ6GKRICw
Bachata,Prince Royce,Soy el Mismo,56z1fafH2YkIUk0XqzM3Ll
Bachata,Romeo Santos,No Tiene la Culpa,0beYgCC4ErBZyEUbnpdyOE
Bachata,Carlos Rivera,Calumnia,2AX7b01Rmdf215GOK3OIF8
Bachata,Prince Royce,Culpa al Corazón,0Kt035u0yJBkOnM1BYPpI6
Bachata,Prince Royce,Te Me Vas,18MbEK3bfXlTBQZSr74afQ
Bachata,Romeo Santos,Sin Fin,4BBTalxG6c1Aoai1x1EA5g
Bachata,Camilo,Ambulancia,5OPte07J5hRK1pTn0f7ldr
Bachata,Romeo Santos,Fui a Jamaica,1bTGBPtXr3SrQRTlrYcx3w
Bachata,Ozuna,Señor Juez,2PH533J1xudlfZ5GaHAdVX
Bachata,Romeo Santos,Suegra,3DGvNJcyicD4gHoVEvH86P
Bachata,Camila,Perdón,2LgGkK27qwPG4ls3OsNmuj
Bachata,Romeo Santos,Malevo,55NJgOC1k3hMF9SqTX1oXu
Bachata,Romeo Santos,Obra Maestra,4nH1WOx8g4KeDI0DFF3oQj
Bachata,Romeo Santos,Perjurio,5Cgdd7ieR7DvInsOm9f9Ce
Bachata,Prince Royce,Lotería,17Ey9p2LVX9BWaq51t56xU
Bachata,Prince Royce,Moneda (feat. Gerardo Ortiz),6zR3aAwQ7cn2U7F1sBtdj1
Bachata,Romeo Santos,Los Últimos,6Y9P646HsmJtZEE2zmgHeF
Bachata,Romeo Santos,El Papel Part 1 (Versión Amante),4uUxCpAWzNxpMXoUYCoERX
Bachata,Prince Royce,Otra Vez,5iB0npbmkMygzGFcksUEeb
Bachata,Romeo Santos,Amor Enterrado,3cdTfwai1PtCGOd9DIBMNU
Bachata,Romeo Santos,Millonario,0pB0CN0dxKKmZghn4gpLhj
Bachata,Prince Royce,Amor Prohibido,6BEegAev4N2O6arBbXgtdd
Bachata,Alex Bueno,Nuestro Amor,197PCRC6OSRsJvYCurlsdz
Bachata,Prince Royce,Morir Solo,18hnXK4HWm3BxT8QijiJVO
Bachata,Prince Royce,Solita,7f7hBMVpdt2KGVOMHCGQnl
Bachata,Toby Love,Te Parece Poco,2uSSzhpzGhLxAsArQH8DVW
Bachata,Romeo Santos,Años Luz,6hwmqR7uQhytLnJzt1RVPF
Bachata,Prince Royce,Si Supieras,2XDa7vfcZnxbSVtwDm0AKK
Bachata,Toby Love,Tengo Un Amor (feat. Rakim & Ken-Y) - Remix Version,4mDWapOAzoFsHu8TPcP2R0
Bachata,Chayanne,Bailando Dos Corazones - Bachata Remix,0HAZyxYDT0xT6CgFlftnW6
Bachata,Leslie Grace,Be My Baby,2hhc7L0Pwx2tCYD8T7q0L1
Bachata,Debi Nova,Quédate,0is5MOZLNpo5iAY3M0B9ml
Bachata,Romeo Santos,Premio (feat. Swizz Beatz),0XgrIYFSqB1lz1funoBBjC
Bachata,Kapo,ESTA ES TU CASA NENA,1be5haaiIQXBp7nQFhhpge
Bachata,Manuel Turizo,Te Creo (feat. Diomedes Díaz),0a1ElZUxaVT1ndiycmqLQ0
Bachata,Héctor Montaner,Tú Te Vas,2OewLnhdPvtSjM7DDluP4s
Bachata,Juan Luis Guerra 4.40,Bachata En Fukuoka,6IfMD01z39P15HKezjdaMP
Bachata,NATTI NATASHA,La Mejor Versión de Mi - Remix,2dy3TKVDEbIeWxeIb8JWqZ
Bachata,Aventura,Un Beso,1SaEt8dwTuLDzenUu5BqI6
Bachata,Prince Royce,Carita de Inocente (feat. Myke Towers) - Remix,5kQre7o8ky5DXeEPcyaCR1
Bachata,Romeo Santos,Eres Mía,6I86RF3odBlcuZA9Vfjzeq
Bachata,Aventura,El Perdedor,27ze5t5tIDPlVits0KRbxT
Bachata,Monchy & Alexandra,Hoja En Blanco,0wDEs6WvqDHq4XJZC0dHhO
Bachata,Prince Royce,Corazón Sin Cara,0u4N6w5lBw5xMrzJitRWUo
Bachata,Zacarias Ferreira,La Asesina,1WoDc1x28zHmxnPvvM5GLh
Bachata,Juan Luis Guerra 4.40,Frío Frío,1UzxNNiJhUPngbfANRlQqM
Bachata,Maná,El verdadero amor perdona - dueto con Prince Royce,3Z3ZUu41QYobvrKr494Vjs
Bachata,Juan Luis Guerra 4.40,Que Me Des Tu Cariño,3sMknNKJKr6GHIYpcRodyD
Bachata,El Chaval de la Bachata,Donde Estan Esos Amigos,0PLpw3w76h4mVnXUDnveRG
Bachata,Monchy & Alexandra,Te Quiero Igual Que Ayer - Bachata,1R86zyuubq0Q1GV1OfweIj
Bachata,Joe Veras,Se Te Nota,2QesqG94HS8ONoB8yr0vec
Bachata,Frank Reyes,Tu Eres Ajena - Bachata,64zjvItFmkY8Q96tcmGQ6n
Bachata,Los Toros Band,"Quizás Si, Quizás No",2PB9a06sOHZtG2m4SHgxM2
Bachata,Alex Bueno,Que Vuelva,0ndYI8UT0PMaJzKLJbFr35
Bachata,Monchy & Alexandra,No Es una Novela,6u0YMyjnpSHi8EyHRkCCAP
Bachata,El Chaval de la Bachata,Dile A El,1xQ4Q4chj2FlYt0XHTmClJ
Bachata,Raulin Rodriguez,Medicina De Amor,0OgX5NA7KFx8FCr5W0HYl9
Bachata,Los Toros Band,Si Estuvieras Aquí,5LaOePNL1J2kjhmj98xKif
Bachata,Teodoro Reyes,Hombre No Muere de Pena,4vVvPFs0eszYfWHO2Qnzau
Bachata,Kiko Rodriguez,"Vagabundo, Borracho y Loco",7HaK3CjawpQc6kKJXAIrcw
Bachata,Raulin Rodriguez,Nereyda,4GqF1OeM18jaUiCs56JR5s
Bachata,Bachata Heightz,Me Puedo Matar,0ZB79BnDaF7doBPvomCvGB
Bachata,El Chaval de la Bachata,Estoy Perdido,5ZusMaxnk5xdGrgkCeGoSl
Bachata,Luis Vargas,Esa Mujer,1RhQsb9KzlmaZ2dCPcefa7
Bachata,Luis Miguel Del Amargue,De Rodillas Te Pido,5RR49uwtf6kMHYRCU2b6A1
Bachata,Raulin Rodriguez,Que Vuelva,4NfwBgmzmzx8WpyIy9C6p7
Bachata,Joe Veras,El Hombre de Tu Vida,3f9d4UXihDnTq9X6SNEG1j
Bachata,Anthony Santos,Donde Estará,2Qn4KykQORcfezwFrBP2Ip
Bachata,Teodoro Reyes,Morire Bebiendo,5MghSaEvkfuqDJLhRdY30o
Bachata,Monchy & Alexandra,No Ha Sido Facil,5Xg9feC7RNaUO5x3Ns0yyE
Bachata,Los Toros Band,Mi Niña - Bachata Version,7wPbkC6evy2aeDSpH99C0H
Bachata,Xtreme,Shorty Shorty,0yBC5WuIxbsVfT9rxh0C9z
Bachata,Anthony Santos,Vete y Aléjate de Mí,4GEIoNh53QTgh0f4WamGAn
Bachata,Frank Reyes,Princesa,5ABUWUrqYGMXbF8qCZ5zF9
Bachata,Luis Miguel Del Amargue,Se Acabo Lo Bonito,1kA2zpba5Tg4YsOoeCtD6S
Bachata,Kiko Rodriguez,Hoy Te VI Pasar,4Z5KC5Oai5rYP0tXWKRUZr
Bachata,Anthony Santos,Voy Pa'Lla,4wGhnh1XWu5LnmAbNqOSaO
Bachata,Raulin Rodriguez,Esta Noche,5aKtF99Easewgyk5JDuJAd
Bachata,Joe Veras,Intentalo Tu,2UFQi6Zr1yeaaUaUmbw4ZI
Bachata,Luis Vargas,Volvió El Dolor,6RtArOmf3kH0Tcj61cDr0r
Bachata,Anthony Santos,Pégame Tu Vicio,55VkPG0F93r4gYkYXBetfE
Bachata,Zacarias Ferreira,Siento Que Te Quiero,2w9o0Yw1XYF3mmXMS82Vyp
Bachata,Kiko Rodriguez,El Verde de Tus Ojos,4P1JzdUkyVzw27tiahNLJY
Bachata,Elvis Martinez,Bailando Con El,6YhrPNvIJga1ACuEmsyaPO
Bachata,Xtreme,Adonde Se Fue,1q8dW5K7DI1HpZuYeESfoL
Bachata,Raulin Rodriguez,Ay hombe,5wsJ8UlGeXBKozC52hC2A4
Bachata,Teodoro Reyes,Los Pobres Tambien LLoran,2PcQcYs9O2akTO3uCgRdGg
Bachata,Frank Reyes,El Alcohol,4cKNAfFzbY6HCvU4dGwKvJ
Bachata,Yoskar Sarante,Perdido,18tS6OYnEJfHWokX62T322
Bachata,Xtreme,Ahora Vete,5DXObXBZLPaaXY58jBkCOw
Bachata,Zacarias Ferreira,Si Tú Me Dices Ven (El Lodo),18jpbSZVA950uq9JiwahHQ
Bachata,Teodoro Reyes,Muchachita Loca,7fvktGeoeOLJH3IBG8Ewlg
Bachata,Frank Reyes,Vine a Decirte Adios,7gz5kxYuat0XNOPgmPEg40
Bachata,Yoskar Sarante,Llora Alma Mía,6KioOiN7xTcjhlYC88qkgb
Bachata,Elvis Martinez,Laudano,748cKv3kTqwaccZl1jO16Z
Bachata,Zacarias Ferreira,La Avispa,2qU17itEaJatg5saBg4lm2
Bachata,Luis Vargas,Ceniza fria,1EQf1pDlHfgWgt7H9UXXRc
Bachata,Teodoro Reyes,No Le Pare,1zHtVDuBMEhmiJoZKV2E9u
Bachata,Luis Segura,Traicionera,6fzTmwo8NqN7vSsXnwgcjm
Bachata,Elvis Martinez,El Profesor,4jUznRZO8FyJgkEAP6QDBx
Bachata,Alex Bueno,Perdoname,3CWgv82JBVeL9KX48BNLmb
Bachata,Luis Vargas,Yo Mismo La Vi,5X1hQWcfE05YwwyDpyTtjk
Bachata,El Chaval de la Bachata,Me Voy De Ti,6M0P4vMP142vJD21lJcWqA
Bachata,Luis Segura,Pena Por Ti,1HX2dU4tr8PfvS648S0Xtz
Bachata,Ramon Cordero,Manantial De Amor,6oelKj4NvMNsbKOIrEkj2A
Bachata,Marino Perez,No la Quiero Ver Con Otro,7MbSL1f89YJGjuRmWLKlhf
Bachata,Luis Vargas,Veneno,4RzETuKgwfpRnUoi0TBZOL
Bachata,El Chaval de la Bachata,Solo Sin Ella,1mrcsPo2DR77u1a3cdr5IC
Bachata,Ramon Cordero,Amor del Bueno,2egwnJt2bLB7dAtW1t16uD
Bachata,Marino Perez,Con El Pecho Y El Corazón,0OsH0T56LpWn3GPGNlGijR
Bachata,Prince Royce,Rechazame,07p0kLnvfQQ2bLujHyzSGK
Bachata,Aventura,Todavía Me Amas,6eB5YDhEiJ2vsNajJP3732
Bachata,Juan Luis Guerra 4.40,Estrellitas y Duendes,0H6hDn1jaralA0JtSsW5DU
Bachata,Monchy & Alexandra,Hasta El Fin - Instrumental,4FwqvXpiIBXNTmVV1zRJpq
Bachata,Prince Royce,El Amor Que Perdimos,06EgH8BdWW9QRrlI6ZVQhW
Bachata,KAROL G,Amiga Mía,1tTEcJKC5uAtIoPrWCkmXZ
Bachata,Daniel Santacruz,Viral en Mi Mente,2WahHoz2VqJMet3A3OOzHd
Bachata,Jensen,Arjona,7pHhsG5SuPaZw0Ktof0ix5
Bachata,Anthony Santos,Hay Amores De Más,50q8LocPZDv2yV6IccyRj7
Bachata,Los Sufridos,La Zaza,7wbca2nUc5H5uXNpyyFBUo
Bachata,Mr. Don,El Corazón No Perdona,3xeKYApzfxkhvoBJmCZGwa
Bachata,Xavi,En Privado,2SkB7jADnfiWH8qAE9H8cO
Bachata,Johnny Sky,Desconocidos,0qkXMXSaDVQfQ7qiP9DDGU
Bachata,Ralphy Dreamz,La Rueda,1IhFRotuBhS4jJGxfk10LR
Bachata,Mr. Don,Cita,6qunupscDkjPmalMp3ybbs
Bachata,Greeicy,Estas Ganas,6axFk0R5Fm7BmnAle3CJ2T
Bachata,mhtresuno,Solo,7drxsX64tVAdhqkfa3B0D1
Bachata,Dani J,Ruta 66,3uMZGqWOjFQTPhgls6ZVSj
Bachata,Esty,No Es Amor,1Wa1vilRuR9mu1cuYRSyAZ
Bachata,Mario Baro,Sin Gravedad,1Q9apOKT7wESrkgceJVOpF
Bachata,Jhonny Evidence,Infiel,5i4tJCyJBAA5FetlDDp1qD
Bachata,Los Sufridos,Postalita,338FO6wNbL9zBfvqYk7qfg
Bachata,Johnny Sky,Dime,6NuyWrCUmOsoI7QY2ctvtD
Bachata,Manny Rod,12 Años,1mmaTUULiWZi6PVMLCGHll
Bachata,Mora,DROGA,18D0Za12EKUYklBQaJlaDP
Bachata,J Salez,Escondidas,5EXTrJSskWrszcWVtL2Z46
Bachata,Enrique Iglesias,Espacio en Tu Corazón - Remix,7umNc6U2AVcL0RwQIi7xZG
Bachata,Jalil Lopez,Que Pase,1sl3BFidCGYy9FdchsRPJ2
Bachata,Manuel Turizo,Qué Pecao,456U68M8lIymkz56Zroxh8
Bachata,Luis Miguel Del Amargue,Que Voy a Hacer,5PeTkjViSGyv9Zo8Gq9QjQ
Bachata,Mayinbito,Sed De Ti,0dLZuxYhPnaD4iFqcEkRlY
Bachata,Wilven Bello,El Amante,75o9TCfKzMTpNJ5QrHvrdj
Bachata,Aventura,Brindo Con Agua,0VazBorrrrE0vlacDVRQCx
Bachata,Los Sufridos,Duro De Verdad pt.2,0glj70T9fN3kyJzYmTKzy1
Bachata,Mike Bahía,Hola Mi Amor,7L3Z21b1wuEO1Os5xgSE6G
Bachata,Ralphy Dreamz,Aquí No Es,06rPvwnIAn14OMlNCiF9ex
Bachata,NATTI NATASHA,Ya No Comparto,0099ZFXDXNi4DuRhoOiEaV
Bachata,Henry Santos,No Te Encuentro (Ft. Alexandra The Queen),6aITzI4rJu9VXi6TsjOFUQ
Bachata,Kany García,En Esta Boca,3zKMajDXwhD68TnmMOnCPM
Bachata,Mr. Don,Mismo Error,0R2wIS2XiKpiSz9RubneBP
Bachata,Prince Royce,Anestesiada (feat. Luis Miguel Del Amargue),0E4h8zC9FLEAFia0XzRL1e
Bachata,Jalil Lopez,No Vas a Encontrar,1GGpgUDxD5bjEq0OSEDTvc
Bachata,Juan Luis Guerra 4.40,DJ Bachata,5UDHsuQFqklYGe6qzWGU3y
Bachata,Maluma,Procura,2RXrX4BuyEPmmRCNzIJsYQ
Bachata,Mike Bahía,Mi Pecadito,5yrbKnKL9mKC61StX948w1
Bachata,Pablo Alborán,Amigos (con Maria Becerra) - Bachata,1WKrbAsxU1btgN76QZiZUS
Bachata,Elsa y Elmar,atravesao,6ZQau5OYmv8C3iZb8WUQLF
Bachata,Jalil Lopez,Pincesa Mia,3P3KYALsULoYB2D8qIuu2A
Bachata,Esme,La Primera Vez,1AoqSmaDwrMPCp3uizOagF
Bachata,Toby Love,Llorar Lloviendo,3QeU2rcc5buv0B9VA0gRKH
Bachata,Toby Love,Casi Casi,2EbRg8JJhs2A3GJ62Cat9Y
Bachata,Grupo Extra,Traicionera - Bachata Radio Edit,1O0bPqavv3jS2NffplRMi1
Bachata,Sasha X,Let Me Love You (Bachata Remix),2A4GIEyRxcxIXhziPoSRG8
Bachata,Thalia,Te Perdiste Mi Amor (feat. Prince Royce),1Q8NiatGDc6YgefNwT7Jgu
Bachata,Henry Santos,Traiciónalo Conmigo,5NmKNwXMyZiWcPlL6QcXUT
Bachata,Aventura,Mi Corazoncito,4NUaZtcR3QDhq2dMweiGtd
Bachata,Dustin Richie,Sed de Ti,3ndbjWW70L6fGzAbAO6uJ2
Bachata,Karlos Rosé,Sabotaje,0hOpiCYtwEYqenDr8ME31H
Bachata,Chris Paradise,Desnuda,0zq03TrizGIEYbOxxE6J7h
Bachata,Montelier,Conmigo Esta Bachata,5jX1NEKAUZAnLAR6eA5s90
Bachata,"Héctor Acosta ""El Torito""",Amorcito Enfermito,1RcJsBhCLIirV7PPJT5A2k
Bachata,Aventura,Enseñame a Olvidar,79MlVxKj43tDISSISiVHJM
Bachata,Messiah,Salvaje,5PFcguBpGSywTl5SUCqdaL
Bachata,Mr. Don,Contigo,6ebEmY5oHf726sI9iDHppg
Bachata,Mr. Don,Yo Te Prometo - Remix,3dO8ScvlHx9OnnICsFCFHN
Bachata,Mr. Don,Amazing,3YQXilHzLnl2yVwqc93fRR
Bachata,Carlos y Alejandra,Cuanto Duele,5J7ZrlSLn5yVTLOHjGHalv
Bachata,Kewin Cosmos,Como Los 90's (Bachata Version),0RechAhcCHefgMyexNdxJE
Bachata,Jhoni The Voice,Religión,14q8qADoS0GfBzCyXhdZHy
Bachata,Ephrem J,Bailando,6GbDfdJrOSH2xpJBuaZ3Dw
Bachata,jr,Otro Te Besa,0SA1E6PTFBYfPMF8IwqHLU
Bachata,Bachata Heightz,Era Mentira,6R8Wtmkt4gExspMQV3W9xw
Bachata,Carlos y Alejandra,Cafecito,7nmNs5rnnuMRNmUB9ZucXk
Bachata,Relleo,SEX WAR,7yWWKfKpaQ5WpYtuY6GN3c
Bachata,Grupo Extra,Solo Mia - Bachata Version,51x4iBwVhhPCycQtB76Vf4
Bachata,Jalil Lopez,Soy Yo,3K2UhwxyWdtnukemG2yiP0
Bachata,Toby Love,Lejos,3Ux53Gwh9txPtWaO7AXKZQ
Bachata,Chelion,Mi Vida,2M6nWcxoH162Bvoe23OdMJ
Bachata,Joel Santos,Si Esta Casa Hablara (Bachata Version),1rI0P3zoKjEgIUFWGIE6KG
Bachata,Lola Jane,Kiss Me,0mGgZ37ykatw88uuoMqAPn
Bachata,Dj Nassos B,Bad Habits - Bachata Version,7jnXxr4waG6Bkt4UTM7buw
Bachata,DJ Khalid,Lost on You,1VuySX01MfJgxzLHUDSGm6
Bachata,Monchy & Alexandra,Robarte Un Beso,6SlNMaSkNMlT5rklMwa6CY
Bachata,Dani J,Bésame,2iEgum2Xg07cLP6DAG3xAw
Bachata,DJ Clau,Miénteme - Bachata Version,17pKnWWb6rs8A7qklwLnKe
Bachata,Sasha X,Loneliness (Bachata Remix),7KtyzJcV3C8tKXB3BmeTkf
Bachata,Sasha X,Breakup Sex (Bachata Remix),5VLfPapRKUE5xQ7ToIRnq2
Bachata,Luis Baca,El Amante (Versión Bachata),1QT6QCPwN41qKSYvfJDWCi
Bachata,Dj Ricky Campanelli,Frente a Frente (feat. Karl Wolf),4S5iDK3QFT2bMmknhkuUJp
Bachata,Pinto Picasso,Una Vuelta,5zLHwFSoGvK5AUbma0pQDS
Bachata,Pinto Picasso,Señal,1mPxJsJih80iCIiX6JIz2a
Bachata,Kewin Cosmos,Calma,7cOBQeZiaECiC9DANVcZ8h
Bachata,Relleo,CUPID,0NpuhflGDjJBa4FbvJGCMV
Bachata,Prince Royce,Mi Ultima Carta,0NAT5pDG4XcYe9sUD3fR7k
Bachata,Pinto Picasso,Paris,3ovPAIIqtudVzE5xEGmdN7
Bachata,Pinto Picasso,Como Va a Ser,3zrbxSHWhLn4ZjWEDmc2Yw
Bachata,jr,La Estrella,5RSeiHJVaCVaehLj2D4PM5
Bachata,Alex Tapia,Señorita (Bachata Version),5r3XQkUPL0oKTBnQGCUBN0
Bachata,DJ Khalid,How Deep Is Your Love,3wyaGTzb9Sb8eAfCazfdoL
Bachata,DJ Khalid,Faded,2xiC5CILwU5HRBUS08SwfD
Bachata,Grupo Extra,Despacito - Bachata Version,1488SioojRAQGLhNJQwdIt
Bachata,Dj Nassos B,Todo De Ti - Bachata Version,3gOA6FyQJHRiNweLRs6Gv9
Bachata,DJ Khalid,Lips on You (Version Bachata),0AFdxNDaar8QuqMmzlYaSQ
Bachata,DJ Khalid,Amigos Con Derechos,2OZU1ZoSloAAycxmRwOPzu
Bachata,DJ Tronky,Tattoo - Bachata Version,06t7HeyYJ2xPeZ9rFfaa32
Bachata,Grupo Extra,A Traves del Vaso - Bachata Version,3VodZKgEgufsPL8MZ0c0tD
Bachata,Emjay,Sobrenatural,57mmMa5XhoheMfs6LwI94v
Bachata,Relleo,I KNOW,4uGcBRJSc6rncJnJr52NQS
Bachata,Mickey Then,Antojito,6xNUi3OkD5MyZ2MhsPIA0F
Bachata,DJ Khalid,Culpables (Bachata Version),3nHDtotJHBWDoCGHViM0gD
Bachata,sP Polanco,Congelado,5Sfxn5BfOGP9qx24wwY9uP
Bachata,Grupo Extra,Tengo una Necesidad - Bachata Version,6FGsnET6rEcNk3uVEH6vZu
Bachata,Dani J,Todo de Mi,1JHIAmLrqKwURVE5lHVuj4
Bachata,Karlos Rosé,El Juego,6VJXFHC578WIxhKYkWevod
Bachata,Kay One,Bachata,6PK070dD3j8I6VRmKVvSrP
Bachata,jr,Tesoro,4Gx0MIvg4wj3GiNwD7e5Qz
Bachata,Dani J,Confiésale,1cAEX5uhXif21h8oTvhlVx
Bachata,Pablo Alborán,Solamente tú,7sRXhReWmJF5pqyg3uUTES
Bachata,Grupo Extra,Volvió,4NqzlNd1ItsbnR3T1DJdQO
Bachata,Mr. Don,Mala,35hNtYsDTSNEGwCcIGH2TV
Bachata,Jiory,Eso Es Amor,4A5JfvzR4f1e8YL6ssvPAG
Bachata,Lirow,Bailando Bachata,4jCiC3KDKNk1x8y16tupUb
Bachata,Esme,Furioso Violento,4yF3K7FMSMIBj7g3JHIIG9
Bachata,ROSALÍA,LA FAMA (with The Weeknd),6dmXZ9B5HdFAyzHeTneYBK
Bachata,Dustin Richie,Bachata a Lo Loco,4WVeyESDxYBmUjwhJt08sS
Bachata,jr,X Amada,41dZHLwCecP9HUF1c2i1Cq
Bachata,Vinny Rivera,Gold,5tk6YO6cLavzqoGUEl9KxQ
Bachata,Grupo Extra,Me Emborrachare - Bachata Radio Edit,3iGjLTDqokSuf6yYI83wzi
Bachata,DJ Soltrix,Traicion,03CqUQ45szj5RcHXL2UvAK
Bachata,Kewin Cosmos,Estado Decadente,5BXK04IE112yE3PlVkf2UF
Bachata,Dani J,DJ Got Us Fallin'in Love,5GaBElSZnPKdWbS3sTH8VS
Bachata,Kewin Cosmos,Drama (Bachata Remix),4z3RaHY2CpLqgCrANoh8Dr
Bachata,Xtreme,"Honey, I Do",76j7vUVcfvi7eBejRenUMM
Bachata,Mr. Don,Error,2x3wsqmFa4q9zEcTPHbQpN
Bachata,Sasha X,Kissing on My Tattoos (Bachata Remix),4vYJL9DgQCi4V1Jh6R7DnF
Bachata,Romeo Santos,Sexo Con Ropa,4iSF0oZYDXeFTGHG20NOOF
Bachata,Rotem Cohen,כל כך יפה לך,0GPWhnbbvLKa0U5QyKMkJi
Bachata,Manny Rod,Hawái (Bachata Version),2JhUf81ab40JSY124OC4SQ
Bachata,Johnny Sky,Fuiste,5OrJvSQ4jgnEYhliLCHgqq
Bachata,Vinny Rivera,360 - Bachata Version,1KpFxUXdsK2VQMrF5TTsXn
Bachata,Chris Paradise,Mala Mala Mala,0V6I7qoMHTOAybBHfSuwef
Bachata,Bachata Mix Enamora'o,Handcuffs - Bachata Remix,55sRzw51CAB6lZd9P8ZBbW
Bachata,DJ Tony Pecino,Ponte Pá Mi (Bachata Version),7fypKPJRjuoJyR5gBzKieL
Bachata,Dani J,Blinding Lights,3R5vXNAxsiHmic3rBuZ9yr
Bachata,Esme,Botella,5apjy7CY0dkAx0GRWO1LAH
Bachata,Jiory,Peligrosa,5uPWi4RGrBEQ9YvsXZ0Nm7
Bachata,Dani J,Aire,7KfTPHvxCdbdNRsAXIIdIO
Bachata,DJ Tronky,Afterglow (Bachata Version),7e7aMUWYusg72hK6ObGIN6
Bachata,Dani J,Hasta Cuándo,2L5UvyQCFUEm4Qad6Z82xI
Bachata,Prince Royce,Lao' a Lao' - Bachata 2.0,261HczVJC0Kd4KUWdTqLAu
Bachata,DJ Khalid,Hookah & Sheridan's (Bachata Version),0A2g7e4FUHJ5YJq83uyLRF
Bachata,Jensen,Limbo,6FJFO7Cdc0x9FK16ZG9tLW
Bachata,DJ Ramon,La Difícil,1eWYZlfwWXa8gnM9vy9FrP
Bachata,Romeo Santos,Ayúdame,6mjhmQB61lSVhgcmOFJv9L
Bachata,Fabbio,Diablita Remix,1CMPYloogotoC6z9n9wdQT
Bachata,Chesca,Soltera,0V8URCCVyRD89huEDFsIR4
Bachata,Becky G,AMANTES,3Q7o2zzvXj7QiSCumjBpvu
Bachata,DJ Tony Pecino,Get You the Moon (Bachata Version),3ft8XZuct58lma5vWfas8M
Bachata,Juan Luis Guerra 4.40,Kitipun,04elniHFWwwFHxi3SZlGI6
Bachata,Romeo Santos,R.I.P.,7hpx4wsPAgsLNokB1CLT1w
Bachata,DJ Tony Pecino,Tu Me Delatas - Cover,13j5K5hKqlBI9NAZmGVIYI
Bachata,Mario Baro,Mal Acostumbrao,0EVlGhuy9WhftU4Pi67ngl
Bachata,Chris Paradise,Nómada,58hdwWjaG3PrfbKQ6VOX5B
Bachata,Dj Antonis Dimitriou,Roses - Bachata Version,6xGNYcitXBbIgiUqe532c1
Bachata,Mr. Don,Bypass,0ma7nTLJR1rVK9iw7ElVjx
Bachata,Dani J,Negro Mate,2qETZkkpILShyXPIp1MaKn
Bachata,Lean & Akai,El Villano,4lvXeza6UZRep7ZjpkCSF7
Bachata,DJ Khalid,Perfecta - Bachata Version,0GB6ZES4vssVqvkfikMXxL
Bachata,Helene Fischer,Vamos a Marte (feat. Luis Fonsi) - Bachata Version,7odEki4Kni4YsXqF9UVal2
Bachata,Johnny Sky,Quiereme,3zLZzw2t5mbsLaNQURufkB
Bachata,Chris Paradise,Boquita Sensual,2M9f2saBfNTVVMrhAR8Zzo
Bachata,DJ Khalid,Tusa (Versión Bachata),0QVgg0EKtWslSfad5C9s87
Bachata,sP Polanco,Amame Matame,01p5yVAhWt1wmAyrqcpTYM
Bachata,sP Polanco,Energía,6nw3mU7xq2uyTzB7mBUdCN
Bachata,sP Polanco,Catalogo de Amor,1KWUISIwpBXcW0asPGqk4n
Bachata,sP Polanco,Baile Asesino,6QfU3mGvrGb9rzoUEu8wBU
Bachata,Chris Paradise,Bartender X,0fG0paWxwzPoVe8OSFtu2t
Bachata,jr,Infinito,6WWMrjGp6OUkJeviKAyBa0
Bachata,J-Style,Dile,6xcVuY7lPLkeOwiSHcFQJN
Bachata,Wilven Bello,Venenosa,6VIE6OFd1M2ygGktdE4rpl
Bachata,Kewin Cosmos,100 X Hora,0NOQxWnuz95a7nCgoGh7Jc
Bachata,Pinto Picasso,Fronteo,3OUAwkS8ZabaD8k8gSG7YP
Bachata,Jhonny Evidence,Cuántas Veces,4HUzhafcIK7RW2DcT7V3mE
Bachata,Sasha X,Tere Naam (Hindi Bachata Remix),2rGyeOU3Idye0YEkAKCcxc
Bachata,Jiory,Solo Son Miradas,4iMZ9fpPlnJderT4eqkG0u
Bachata,DJ Tronky,Solo Son Miradas (Bachata Remix),6ezsrb8ECSgTvcYhaBu2ij
Bachata,Jiory,Tu Sin Mi,5M36ipUqX480z9uJJSaTAj
Bachata,Dj Tony BFG,Nada es igual - Valerio el director Remix,0wm7rAlQo6XrK2INeLwaiU
Bachata,Vinny Rivera,Encima de Mi,0zoRFB30Rx7HXoAAyjKhL9
Bachata,Sasha X,The Hills (Bachata Remix),0VK4LpJVAWUOZsNvuaeyuW
Bachata,Dani J,Tu Juguete,2lhnDQIvQmfU8qVbrqJdke
Bachata,Kewin Cosmos,La Vecina,1zpgP4DV86YJSPoG1FWZV3
Bachata,Tutto Durán,Santa De Mi Devoción,4AqRv3gB6y9XjBybtpHm3Z
Bachata,DJ Tony Pecino,Buena (Bachata Version),3cvJCXH9YFGl17IKgjGKGw
Bachata,Jiory,Mamá Me Lo Contó,6rxjd715Caj8uGOT76pNku
Bachata,Jiory,Ojos De Miel,7BBcGOsJqstlRRgwP4pxC6
Bachata,Roman,Dicelo,7nDyLU1lhJjefBm76OsI1A
Bachata,DJ Tony Pecino,Nubes - Bachata Version,703Rlr92Qsk7VRJGgjYOZ9
Bachata,Johnny Sky,Only You,0Ec2Qtdqjwd51yt965YLia
Bachata,Naicok,No Duermo,74TFdyFf3dabePEw5fn38k
Bachata,Nandy Versátil,Amor Toxico,3JXf6wKQrBTakBBoeznC7D
Bachata,Nandy Versátil,La Chucky (Mi Mami Chula),5a28TThWf1UnfujqmMnKBH
Bachata,jr,Sin Casarme,3Uf6bQxPYoQOXQGNoHYPdE
Bachata,Jhonny Evidence,Tu Manera,5aQgRahBPrA8JeRzwNNbO9
Bachata,NATTI NATASHA,Cuento Breve,28BXqWI9e4hPMyJizqOQLT
Bachata,Chanel,Clavaito,26V1bLUk0SBYkLEwl4caPR
Bachata,Loukas,Olvidate,6NNefyOry8y8v4rDhOtCIu
Bachata,Grupo Extra,Quiereme un Poquito - Bachata Version,4dvEMFWFlmPR1WtNwAnTOk
Bachata,sP Polanco,Man Overboard,770vtt5Qkz9Y5g6glRDWnq
Bachata,Esme,Mariposa,1CI29YoBNLgXCxGW3w56zU
Bachata,Dani J,Villano,5oj4ZpyIIlilvtajRTY9UJ
Bachata,DJ Tony Pecino,La Reina - Bachata Version,7iHNxWPtXBjtHFeGjAI5Mu
Bachata,Montelier,Sin Tus Besos,1JZkwyJiw4erkg06CmybVH
Bachata,Montelier,Calm Down (Cover),03aXrTFqMFHxIB7p7rOc29
Bachata,Lalie,Calm down - Spanish Version,7fk22esHg5PLRqGvdCc0Ku
Bachata,Dani J,Voy a Robarte,2UJj3BlZyDTwjqlEJwdSrl
Bachata,Karlos Rosé,Princesita,4rtxLsJujt4xmxn2BPTQGU
Bachata,Antonio José,La Noche Perfecta,7H5YFDcDPy7viAoyVhYwNa
Bachata,Bachatamania,Cuerpecito - Bachata Versión - RMX,5icOObVylS3k8Wsa12MFKu
Bachata,Dani J,Me Gusta,58dDbQWXLM1Fop74OWCxl0
Bachata,Pinto Picasso,Ahí Va,6Jf9KKpaOl4RBxeD02h5Yg
Bachata,Dama,Adicta,0TrltbGlB8TyzKnYLWGaM8
Bachata,Alejandra Feliz,Seis Nueve,0Ttz7YCKHLpI7ifnqc1VzG
Bachata,Terrence Brian,Discover,45ai7rOz3dTvZ2rm8zobaM
Bachata,Terrence Brian,Headlines,5JkcLKiKRmdesLgQoiQSTX
Bachata,Terrence Brian,Utopia,36M0uqVj3vFfjgqMqbnpRh
Bachata,Terrence Brian,Cambiaste,0mjvzUzFLQ4KIVioHnadwt
Bachata,Terrence Brian,Let You Go,64NdPm0VAYt9oouULoIVdg
Bachata,Terrence Brian,Stranger Lady,1BB2xEToIv3ujsHxB7zyWM
Bachata,Chris Paradise,Sex 3AM,5oZipAitVIzLTbJQ2lnMck
Bachata,Mayinbito,Crème De La Crème,33BUpxoqNBc0QsEDli1edw
Bachata,Xtreme,Hiliana,4cdo4boMo1Qs4vsy5rHyFk
Bachata,Ryan Milo,Cuánto Daría,1EXHJcbfDYa2BYdIU8X4G9
Bachata,Mickey Then,Klk Cupido,59X5b4uyBI594WAs7bGZBm
Bachata,DJ Clau,Perdon - Bachata Version,7g9gGlB9dhiypKaeRAbzx6
Bachata,Kewin Cosmos,Elige,0mL1glycqAWzyMiImp4xSb
Bachata,Dj Husky,Sobrio - Bachata Version,6GYVQeCZjXiFWxpS9GUd4c
Bachata,Jiory,Culo Bachata Version,41aXGJnO3fk7nm59b3vEGW
Bachata,Vinny Rivera,Hecha Pá Mi (Bachata Version),2Ekim2UmxKqkrnNYBukAeI
Bachata,Jensen,Frio Remix,3zmrVLcgSzkXHFoXJRCJGj
Bachata,Vinny Rivera,Todos,0xILzFHaDA73lKGvGaPSAl
Bachata,Gusttavo Lima,Veneno - Ao Vivo,0JmfRnVhpazBXLNggalqix
Bachata,Bachata Heightz,"Me Puedo Matar (feat. Hector ""El Torito"" Acosta)",4EzRYdHmOmUB7KXz1Dq8Ny
Bachata,Itzza Primera,Besos Mojados,4wGSIxaSp9GctBLd5DaIim
Bachata,Johnny Sky,Call On Me,5dl97w82KkuprJVDKSyJQp
Bachata,Lirow,Se Va a Beber,7nthB8BE4K8aTYJcw1M1iV
Bachata,David Bisbal,"Ay, Ay, Ay",1K3dJsDTQouwqmTC5tfpzg
Bachata,Ainoa Blanco,La Bachata,6fqvDSDYrGl7gpZBzEcuRL
Bachata,Roman,Creepin',72SIXV7GexsOlrGTWe9UCc
Bachata,Mickey Then,Por Que Te Niegas,1DAwpBU2JANIwrT5xT6K3U
Bachata,Jiory,Esclavo De Tus Besos,4zlMUlaGFQ2p4LC3hsc8GI
Bachata,Dj Husky,Por el Resto de Tu Vida (Bachata Version),1BNTsrQMHr932GmxkFvka2
Bachata,Sebas Garreta,Esa Flaquita,2ZdfRW1JitCVBJtVZeoPnv
Bachata,Mario Baro,Algodón de Azúcar (Bachata Version),6EMvxWZtaj9wL4ZSr8UOAu
Bachata,jr,Soñando,6RldSN9PAK7hOVbvl57z40
Bachata,Dj Husky,Siri (Bachata Version),4pZ238t955U5sRmbTV9IGb
Bachata,Wilven Bello,Ultima Botella,24ifSHF1A6bIiFB6LB47gz
Bachata,Dustin Richie,Tú,4y39awYJT9P4rkzeAWQYnC
Bachata,Felix,Lo Que Sientes,6HZmvI4SmyUiLxPiDAEme4
Bachata,J Salez,Solo,4xJCxCTdYLLr5EJZGCP3Ps
Bachata,Roman,Miéntele,1lHVksSJINY5lzdK8bBoIs
Bachata,Johnny Sky,Dime Cómo Se Siente,3EJ6TrlfKKiP1PMZhjuT2r
Bachata,Bachata Heightz,Culpo a MI Mente,2mBTyvVBdljIm6LXYrPInS
Bachata,Liderj,Mi debilidad,4oOLL6WnSCu0Nu5xcO0YaN
Bachata,NATHY PELUSO,ELLA TIENE,31YHWv22Lyv9iKBepk3guM
Bachata,Yailin la Mas Viral,Mia,2c5mhDVYltLKQ0ZW9bBImT
Bachata,Yailin la Mas Viral,Solo Tu Y Yo,79IcxcNr3Ddgwi5ux9UiAQ
Bachata,Sofía Reyes,COBARDE,2IEhUsa1s1seGFAySt3zh7
Bachata,DJ Clau,Que Se Parezca A Ti - Bachata Version,5qRiTEoPstO1N6qT0UuICb
Bachata,Ronny Dae,You Gotta Go,5C9NpqsA3ZuN8r0nrH3sVR
Bachata,Dani J,7 Pecados,6xl0OFFGmvDd0MnmOT4zuj
Bachata,Mr. Don,Mariposas,2FIFrT1axGn0ww6thyM8Dd
Bachata,Dj Freddy Fresh,FERXXO 151 - Bachata,3c2nq6ittBd6Qw9DXhvR4Z
Bachata,EmmanuelYTS,Juego Del Amor,3jKpacmVzBdmWAcfq7zHLt
Bachata,Felix,Todavia,132cTsOhjCZVBowByA6fRI
Bachata,Dj Husky,Mátame - Bachata Version,2DueQhza1vjuDJRqmyNEwg
Bachata,Dani J,Disparo Al Corazón,7f72G79EV80TGQkc0m1Vte
Bachata,Rusherking,Antes de Ti,23R68uWGdp07SwQdK8mWzI
Bachata,Vinny Rivera,Llévame,2PMMhX2yKGN6CPUrJiLRot
Bachata,Ronny Dae,4:15,260EexacQBmaID7ixkCmtE
Bachata,Dama,TQG - Versión Bachata,6V1E8ay39rZgu6INnU8Vsh
Bachata,Natalie Perez,Consuelo,4T6Zp5YivNaBc63lxDw25i
Bachata,sP Polanco,Entre Los Dos,5xs3XLPMUICZgJwaBgChhg
Bachata,Esme,No Digas,63mZlZ1c1OZc1GdhWABB7Z
Bachata,Mayinbito,Subscribete,3bEmtGUSOzh5Q0w19HV7DF
Bachata,Ryan Miles,Quédate - Bachata Version,3QMGCbKnWnBeouBgsvFsvW
Bachata,Dj Limbo Latino,Quedate - Bachata Version,2Z30S3ZVOdHj9PVvc0Zijq
Bachata,DJ Tony Pecino,Algo Sencillito - Bachata Version,3egMNSjg7WWpI8LrIBjaNA
Bachata,sP Polanco,Preguntando,4Ex0UMAOY7mYmnRMxWcGGh
Bachata,jr,Salvaje,5UoW04Kw2IS0PKe12ty3Bh
Bachata,Chavi Leons,Contrato,3FratxbtKaUGm6O4rfqn1t
Bachata,Chavi Leons,Cicatriz,1N8YiBCj5ZL9BXw0qIGbtM
Bachata,BL Araya,Antidepresivos - Bachata Version,2ZIsCpT1rESXmdL5gCJW8K
Bachata,Vinny Rivera,Tu da Vinci - Sped up,4PTBNrDHWcpkYVVK7bFhz9
Bachata,Mario Baro,Sentidos,4NTtFGWHZElhlY97gHGHmU
Bachata,BL Araya,Maníaca - Bachata Version,2tZQhD4juF72GPCOae4cCO
Bachata,Andy Falcon,Maldita Traicionera,1eWocmLqBVfze81Xr5u7XM
Bachata,DJ Khalid,Impossible (Bachata Version),1pgg5cJlPLeY4xy5mVZfcC
Bachata,Karlos Rosé,Un Mal Sueño,1f6rMKRZo5pI0ut91gjozr
Bachata,Grupo Extra,Bailemos,14sspPKCM3FeYPXR5TLJae
Bachata,Jhonny Evidence,Recuerda Amor,1Eh7a3ulUB1DhzTNsLDUtO
Bachata,Joana Santos,Casi tuya,4WWHoxqQM9JbR3f9Cdk2Ml
Bachata,Dj Nassos B,Mamiii - Bachata Version,1nDmc0dosnQTXbgJU0SQ74
Bachata,Esme,Soy Aquel,6XqqeF7VvE4KSEDstEM4W3
Bachata,Omi Hernandez,Sabanas Blancas,2DM3L2WYTE1PjwW6dXNnv4
Bachata,DJ Ramon,D´LAO,621lknJUFWd4WbCmd5niZv
Bachata,Romeo Santos,Ciudadana,7fCvGG97wqAIqtOxX87Uv1
Bachata,Montelier,Incienso (2.0),7KlRSMHK3gmhMxqyUP6Wkn
Bachata,Montelier,Incienso (Remix),5FS3hxNv8Jp4bDkX6MRqwi
Bachata,Montelier,Tu Última Foto (2.0),1kRygYOHy0OM4CE3QaRMH9
Bachata,Dj Husky,Loco,1EMci9LycCKIO2X58jZPJ6
Bachata,Montelier,El Amor De Mi Vida,4rEp2l0VqJslzfqjxbK8bw
Bachata,J Salez,Under The Influence - Bachata Version,1TyjJU1whGAdCzXzJY7Wqp
Bachata,Kewin Cosmos,La Pesadumbre,7f2AdpzfryZfiCJZ5tVTSG
Bachata,Xtreme,Quisiera Ser,3JoZdQvkySQwSwzRJuwF20
Bachata,Dani J,Piscina - Bachata Version,4qXMNHhym9ho1d7EgrGrTL
Bachata,Gian Marco,Tú No Te Imaginas - Versión Bachata,5iXG6nK2cfDxSxbTKfxEzr
Bachata,Mayinbito,Equilibrio,3Pw4bTYprSlxtygbmruNLZ
Bachata,Daniel Enrique,Ahora me toca a mi,1kWOv4KATSp8Qj55f7jrzA
Bachata,Roman,LUNA - Version Bachata,7I1uf1ZTtCKrp7TtOwhcsN
Bachata,Mario Baro,Neptuno,5EhYGDZKheovaIwCBVZBYJ
Bachata,Mario Baro,Madrid - Bachata Version,4M7yuO6fMMK728Nrh83qAm
Bachata,Dimen5ions,OA,7lyJL9GD1r0WiFkzYei8qI
Bachata,Rauky,Diosa (Bachata Version),1QLOTvOnsXZgBwgeLi7gEo
Bachata,DJ Clau,Aún Te Quiero,3QhAdkObhT6E7S1SHXmQ8j
Bachata,Noehl Cabrera,El Culpable,3uYfsJlMtanHu7YYAK15w9
Bachata,Romeo Santos,Perro,74o96bZLSIZFIG12H7ZwUm
Bachata,Sebas Garreta,Corazón Partío - Bachata,7wLAr2lkPXKE7jyZITefTz
Bachata,Johnny Sky,En Todo Fuiste la Mejor,3nGuOrT9PqwVYQWamSryIA
Bachata,Esme,Materialista,4BYjxtpjJviIiFnazVJtXr
Bachata,Prince Royce,Boogie Chata (feat. A Boogie Wit da Hoodie),0KmbZSG6sTyZoflJbg9Uwu
Bachata,Chris Paradise,HOTEL,61c4Om3r8m72MKlinmonf2
Bachata,Mayinbito,Confia,5mpODuZa6BInIa9G1INTx5
Bachata,Prophex,Suspenso,10ojJbbq11fxMHlNOlYSkh
Bachata,DJ Nico,OTRO SEGUNDO,6BXUtPrImwIc8jsbTFnvnN
Bachata,Jensen,Sabanas Mojadas,50jD51BNqu7MM9IdONApy9
Bachata,Dj Nassos B,Fruta Prohibida,0y0Wrfm2xGUdwVlscPZN9r
Bachata,Mayinbito,Como Me Lo Hace 2.0,1qtLNegZWarwj0SNsLChsW
Bachata,Prince Royce,No Te Vayas,4kSKSQzD2LlAnufH41Itsn
Bachata,Prince Royce,Llamada Perdida,5DVkyleuvjqxrOrCecO9af
Bachata,Luck Ra,HOLA PERDIDA,10eRgZUM59q2G5ogpztSeL
Bachata,Dj Nassos B,dEsANiMaO :( - Bachata Version,1JeIOj93WXaEqI3HTIp8RZ
Bachata,Prince Royce,Champaña,7vBy8bKzY2ygY6TcX9ZUQK
Bachata,Prince Royce,Cosas de la Peda (feat. Gabito Ballesteros),7nRgLd2Zq4w42iVTfXjIC2
Bachata,Dani J,Gitana,0yyKDrfEknsy7ECN3KMamX
Bachata,Cosimo,Sentidos - Dimen5ions & DJ Alejandro Remix Bachata Version,7I79uQtxpSrkCk8rTeLwyp
Bachata,Chris Brown,Under The Influence,5IgjP7X4th6nMNDh4akUHb
Bachata,Daniel Santacruz,Casablanca,4LnIFOuAKQltBWoUHtlEQX
Bachata,Mayinbito,Cerremos Ese Capítulo,4ztBYIuncBxGARmctAWZXS
Bachata,DJ Khalid,It's You - Bachata Version,2pjWelF2A0FQxcVJB6E7TK
Bachata,Mayinbito,Vida,6M7viJy5pZwpNSIw6YBPpk
Bachata,Felix,Because Of You - Mi Universo Eres Tu,79zeOXPI0E8czxx82HJfof
Bachata,Mayinbito,A Mil Pedazos,5kAhrfgOyDlS5xr7ZAyzen
Bachata,Marco Puma,Unico Grande Amore,4ZhkYvQ6MVn4cvoUIdIG6n
Bachata,Jiory,HOLA - Bachata Version,1roeqGOqnEwV4y67AQmayF
Bachata,Dani J,Tokyo,3uCspcbDztT97O4NOSLzLW
Bachata,Dani J,Amor Eterno,0s5capiPxRHWPF6lJcqCJO
Bachata,JR,Bésame Ahora,2kNB9LetDlm6iPNMnsgfwI
Bachata,La Cruz,Nadie Te Va A Querer,0WyzB3GxyarERQ9yVLvom5
Bachata,Dj Nassos B,Quiero Decirte (Bachata Version) - Cover,38dmEVxAJDR96LZeVg64bg
Bachata,Ronny Dae,Quien Te Ve Te Compra,1SJDqNDJiDGqfcxoD4jCjZ
Bachata,Daniel Santacruz,Tu Cepillo,64Usr7e0cJlljATyhyXKvJ
Bachata,DJ Nico,El Efecto,0cb75nzfwuIAmnAYh1HOWo
Bachata,SHAMA,Estaré Esperándote,1wO3I1jkVVH1eKohkOs6O2
Bachata,DJ Tronky,Secreto De Locos,4Z5WBrq1uAv6ljHdR8N9lW
Bachata,24 Horas,Por Favor,5HuejGXmXKLNUXRqHHSDjO
Bachata,24 Horas,24 Horas,7xgPPwsortYeZMv1KjMOaU
Bachata,Mickey Then,Asesina Mátame,2OEfAGBpals49oP4jhdGCp
Bachata,24 Horas,Aun Me Perteneces,3lo68vZrR9kSKAeaHD0dQ6
Bachata,24 Horas,Nunca Me Amaste,1KtO6DL7deH6TEIyhNZsxR
Bachata,Agustín Sánchez,When we,6BBw2BhfpoLat1SYstzjCZ
Bachata,Enrique Iglesias,Me Voy Acostumbrando,4whXahq4SMZQM1f6z5t8lg
Bachata,DJ Nico,El Tonto,1zG8rLGugfxXXQzFmpGGHe
Bachata,Pinto Picasso,El Viejo Oeste,67wZ8z6lY6IBJEx5P2lNh7
Bachata,Pinto Picasso,Vanidad,1QlJSCz5vDDsvbDovwcVlV
Bachata,Pinto Picasso,Vicio,4KW6PQ6MTxFMptT7RStKXF
Bachata,Pinto Picasso,Vibras,05fQ1kWFQrvznV347eigNI
Bachata,Pinto Picasso,Que Pena,5hBx4OMn1KNIW2T0NiTaB3
Bachata,Pinto Picasso,Niveles,2AK3mvpXY4fiXzoqI6XAoh
Bachata,Dani J,Millonaria,6suDZ9yCQPMagTPV1S3F5y
Bachata,C. Tangana,Ateo,5xiAfKzE3mbxYbOkUZPR11
Bachata,Karlos Rosé,A Gritos De Esperanza,2y6gBcV6B0inEyGV49kvtg
Bachata,Eunel Nueva Era,I Need a Girl,01BgIyMZWueSHk30al5kww
Bachata,"Héctor Acosta ""El Torito""",Pecador,5ScoQaNMhlQ1dTrbBROAEi
Bachata,Tony Lozano,Santa - Bachata Version,1nRJ68kbOmMdz9vM5DCuPt
Bachata,Danny D,Quedate Un Minuto Mas - Bachata,2FVC73rDUcKIMDCXLdnQp5
Bachata,Mario Baro,Bellaquera,27en3QzLMhqpCSXuUBHNZs
Bachata,Jiory,LA NOTA,3iREAp2hXC7gaOtpb7GGx8
Bachata,Pinto Picasso,Millonario,13zE3PfI1w2hmeg5EBGIuR
Bachata,Charles Luis,Apretaito,1ZDFOthx8OJfvhnS3OOHOp
Bachata,Pinto Picasso,Know You No More,6XTQOHhSvCDzhRmGweLN90
Bachata,Kewin Cosmos,No Hay Vato Perfecto,2pGnZ9GNmce4t8qktidT04
Bachata,Fred De Palma,MELODIA CRIMINAL,7qZQikVR1TOewAAEo9ylVL
Bachata,Tutto Durán,Bachata Que Duele,31QFoYFVGAQnQYiYkDsDEs
Bachata,Vinny Rivera,Sobrio - Bachata Version,5x8j38WbeRyCX9pIXEkjco
Bachata,jr,Depresion,3K05i1jLeLv74yaVDgkO9B
Bachata,Mario Baro,Que Mas Pues? - Cover,2XT9iNzdyLF8eM8xo7rZ5m
Bachata,Mario Baro,Pobre Corazón,3tLqvQmDEItkCKVmGkhpqo
Bachata,Roman,La Despedida,3nsl6XFQupR5h1Gp5ReCDI
Bachata,DJ Manuel Citro,Let Me Love You,3cjFY55M8vZNTPWakMpoxA
Bachata,DJ Nico,Crazy,4Uy1I6XBDXIpwd77iLL2ON
Bachata,Chris Paradise,UN MINUTO,3YEJ3gQ4if3MTO9gotBK7z
Bachata,Joaquín,Cupid - Bachata,2ZwrZKHa4Ypra6XdBI5KfB
Bachata,jr,Dos De Mi,5zbqYUQ6iXb9NHSbnhxffs
Bachata,jr,Amar En Paz,0EKKcY92S5rAV3gwziV9Oy
Bachata,jr,Magia,5kkT0Ee37an944SI2OeQnR
Bachata,Akai Rojas,Esperaré,4BZtsNRCKInmr0ju8JZDHX
Bachata,Roman,1000COSAS - Bachata Version,6drRZsyflQufqourAnkAdj
Bachata,Vinny Rivera,Plan - Bachata Version,316JVLaZwA600QhdXtmQ69
Bachata,Jean & Alex,Serenata,7nDq3UZt8HfknaZIr7QJS2
Bachata,Montelier,Perfume,6X6Tu7MGnAVkdmt74KfUvy
Bachata,Prince Royce,Un Papel,2gu1umAwaVF9vGjCFH9TMp
Bachata,Prince Royce,La Vida Te Hace Fuerte,7qbDbcOs7sA78Ym34HUNiO
Bachata,Prince Royce,Borrador,0rfYoj39A6dJm8o2uwwBRS
Bachata,Prince Royce,La Corriente,5IvVa8Omy6aJ5R8hXawbIH
Bachata,jr,Más Que Yo Mismo,5Tz6FfHfsEptYqA9cmNdzu
Bachata,jr,Siempre,1wUdwKBCnnaABSfG3I1eBX
Bachata,Pinto Picasso,Calentura,5iufhaKI3OSxCDj86dJGK5
Bachata,Mickey Then,Sin Piedad,71n92roiorH11qIrmAIE7J
Bachata,Esme,Bachata En Las Venas,73xOg6WHnYUWmqU87pWblc
Bachata,Sebas Garreta,Tu Silueta - Bachata Version,1znOvmRULbBUgUMs1ZuvWl
Bachata,Tony Dize,Super Héroe,29Rykw2fN9ldNDuEbbY83n
Bachata,SHAMA,VOLCÁN,5Pia9PGN6npX2Z1JGtLbY5
Bachata,DMnte,Mentirosa,3eRpovdZXWWfDsXdklqyxE
Bachata,Esme,Maestria En Bachatera,1wxnhjFMrM48nfmvyFQIWI
Bachata,Esme,Maestria En Bachatera - Extended Bachata EDM,3enH7bDkPTNUkl08aB893S
Bachata,Farruko,Va a Ser Abuela,7zQ42TLChYE29oJiyoWUIK
Bachata,Edwin Jay,Te Quiero Robar (Live Session),1hZU9pRH7yNdV4g0qVxVjZ
Bachata,eto,La Propuesta,1zSRB4lljSKSH4upt9YRA1
Bachata,MvRick,Luchare,46clOerGYl5Fp24gKrDILY
Bachata,Akai Rojas,El Corazón Duele,1i5ahi3d28qnWHC209wU3b
Bachata,Milly Quezada,Lo Que Más,5rB2K2fFRP0xx7OnFnfMUq
Bachata,Luis Fonsi,La Romana,3HHcccQNmP2ZoZabsZOAds
Bachata,Dj Husky,Salitre - Bachata Version,3c8PuCMVs4OrUYobVFxydc
Bachata,Roman,Máquina del tiempo,3cw6Ar9aaCBm9pBFwz6xJY
Bachata,Jalil Lopez,Tu Primer Amor,6OE3cozYpDOH7zcJV2SKlm
Bachata,DJ Tony Pecino,El Final,3PlCPmvmkmD5hQsSZ9x08y
Bachata,Jambene,Canaima,3W7KwglhgkvB6C6geMbdG0
Bachata,Kelvy Jai,Me Olvidare de Ti,79En8BlmEXYKHvcNB8kIaZ
Bachata,Jalil Lopez,La Culpable,7L6xzpdRR1fbMd3tMUqGlr
Bachata,Montelier,Feliz Cumpleaños,2MT0rlLWW5huocON92dNy2
Bachata,Mr. Don,Bienvenido a Cupido,5N9KAOmDBhxqLAVRj6IwTU
Bachata,Mr. Don,Yo Te Prometo,3aiWgD6pdRDdSKEh8wWLmj
Bachata,Vinny Rivera,Llevame 2.0,6OstmkXa2grXZbnK6UOPW2
Bachata,Vinny Rivera,Si Me Dices Que Si - Bachata Version,2PKIOQIaIAaQBkNot2IcwV
Bachata,Dj Husky,Tattoo - Spanish Bachata Version,1dmVpPmddUDvqelBTBrHt0
Bachata,Dj Husky,Si No Estás - Bachata Version,5mbfALCEg4BexudKcNNfWd
Bachata,Akai Rojas,Mi Contradicción,5dqNNq75Vnw8nrqU3z3QJy
Bachata,Sebas Garreta,MOON,2D9AgRqafsawpA69NeDFS9
Bachata,Roman,Infiel,4EUuCSYWKWx5inKqMkPqvB
Bachata,Roman,Las 12,4oeoEnShxmRB1xH9XzIdhr
Bachata,DJ Tony Pecino,SENSUAL,35QD0KvgQnc1cBZqG4Hhhf
Bachata,Dj Husky,Insomnio,5uw9IynlkgQzy97dN3nY80
Bachata,Tony Lozano,Capaz - Bachata Version,38tmxa8lPtJRQHOvcaQbG7
Bachata,sP Polanco,Anónimos,0BMOTwX93Sgu3lygVNigTc
Bachata,sP Polanco,Tengo Que Aceptar,74PEerUrhwv2o89XDAz148
Bachata,sP Polanco,Volar,2qbC3RjxRQrcR4axxGckbw
Bachata,sP Polanco,Escalofríos,4YzFpojY1i9t7rcitBmYiu
Bachata,sP Polanco,Me Preguntaron Por Ti,4iOqYbZU2eQfK7TW7NbV69
Bachata,Aventura,La Boda,2jQeX1fMZo5z82w3BviN5x
Bachata,Prince Royce,No Te Olvides,4tF8ZCDo92W00AdrEBz1KS
Bachata,sP Polanco,Proceso,3WutQ4NKRYFkXIATTKoAcE
Bachata,Mario Baro,Cosmos,03H6SgfvpSiliZarognOd9
Bachata,sP Polanco,Te Amo En Silencio,5x3ctKl18QCvxA99FTCUKe
Bachata,sP Polanco,Créeme,5MIfHj0VDbs9s1FgYYAiR3
Bachata,sP Polanco,Te Dedico Esta Canción,2Jrut3NABdIctMBbem3ONY
Bachata,sP Polanco,El 23,6ssrTdXBEWfkETAoGJT5HJ
Bachata,Mario Baro,De 0 a 100,6pjZix66EgFZSQcIIRwJeU
Bachata,SONCE,En Los Pasillos,4rDkBp1c8PCluCvOKcUVRh
Bachata,Sebas Garreta,Se Fue - Bachata Version,2cIuu9cdqRpwweurglBS8h
Bachata,Manny Rod,Imaginate,5tVRV2dEkTRfZS3MUdb140
Bachata,Nesty,Solita,6vCuBTBJN3BfKwVoOvvoz9
Bachata,Montelier,Así De Rico (Remix),1UhjyywGcy3CWDZEsQWUhY
Bachata,Dj Freddy Fresh,Promesa,1L9WmoRol1FijFPvcOqTdQ
Bachata,Dj Husky,DRAMA,7vXAvfxBfgCseb1HuIK9es
Bachata,Dj Husky,Adrenalina,2t5oTnYwmne6h22qvqzYbW
Bachata,Joey & Dany,Aficiao,4A3CT7LmF9EPnQ0nXES7N0
Bachata,Fred De Palma,PASSIONE,6aV7Bwv6WKxTIBxCpZmVBz
Bachata,Ephrem J,Cuando Se Acaba el Placer,4PcyHWQiux9kwZ43cUJA9W
Bachata,Chelion,Prueba De Amor,1V0aPVWai4PKtOkZAXZ3Ea
Bachata,Dimen5ions,Mi Mentirosa,4goXPkog6mMrd6t15ww7gH
Bachata,Ronny Dae,Siento Miedo,5yiYg6aqe9FZgS3JEFaHKP
Bachata,"Héctor Acosta ""El Torito""",Me Voy - Bachata,1wfxSvHq3cdzmOHZejMkci
Bachata,Angeles De La Bachata,Mi Ultima Letra,3cqnOHONkd4Gb4raDVY2lb
Bachata,DJ Manuel Citro,Birthday Sex - Bachata Version,0vEX2MfcCAAhep2cGowYGk
Bachata,DJ Clau,5 de Enero - Bachata Version,3quOQCLscl3zwEhs9HkKgb
Bachata,Sebas Garreta,LOSE CONTROL - Spanish Bachata Version,0GaQlq8qomkeq9dwdZiETP
Bachata,Sebas Garreta,Mil Preguntas - Bachata Version,3dghdAcp5PRcO7V7dMQEBK
Bachata,Marco Puma,Casualidades,3nxmokSsmbIck0oOsOb1dq
Bachata,Chris Paradise,Juguete Sin Valor,2uclkefecyToJPEyXxiFg8
Bachata,Mickey Then,Solo Tu,2rGRKs5g7Y7DoljwjsCyjr
Bachata,Mario Baro,No Hables de Amor,72h3DM3SZpgPIS7lzZwr6z
Bachata,Mario Baro,Amores,5UgngbpYqdw8ig8vOLVR3B
Bachata,Jhonny Evidence,La Pastilla,10jJSzbQo9A8FMMLB6dszD
Bachata,Jhonny Evidence,Desnuda,5PVIX3YNy8K4JCEJ5vHumg
Bachata,Jhonny Evidence,La Copa De Vino,3vepwddKVHKuNv9oLgAQjK
Bachata,Mario Baro,Noción Del tiempo,03xcqLh9JjaRa6RDeznhGa
Bachata,Akai Rojas,Una Señal,7KMz0qxwhE2smng1LIaiYY
Bachata,Dama,Malo Corazón,5QXIrUboEYfTZANrVJPJeE
Bachata,DJ Ramon,LO QUE SIENTO CUANDO ME MIRAS - Bachata,1vtuXqdBfFtKKPFSVxWnaH
Bachata,Jiory,EL BIRRETE,0eDDGh1w0nKTgNQHnB7A1P
Bachata,Tony Lozano,Café Favorito,5en0U6htMjrHBoqTTtpa2X
Bachata,Dani J,Rosas,2yq6e0pGifPyTtkG6K7rNV
Bachata,"Héctor Acosta ""El Torito""",Tu Veneno,42jedyDXAZydzL3OrslfUp
Bachata,DJ El Dan,Ojos Verdes,4rePeb8aPrC8zoJgksWTyw
Bachata,Pinto Picasso,Acéptalo,4pS1Tk1jAmz1WdBAFXzPEw
Bachata,Sergio Contreras,Niña sin ti - Aniversario,2TVmncTGqL39BnJ3wX1VDj
Bachata,Roman,Morena - Bachata Version,7Hqn42jPTtO4cMRRe6E5Ik
Bachata,Prophex,Me Gustas,4bumSeP1wAye4JVIEaAbZr
Bachata,Akai Rojas,El Recuerdo,5HNDIIg34age53UsqkIVaS
Bachata,Bori,Saborearte de Nuevo,5NvuNnG0LOe7VXjdoX5ZXl
Bachata,Mr. Don,Mi Universo,6uwagMQvzOarWo74giBzIx
Bachata,Johandy,Postea,07O3cVcib9kBkdBreX1Id1
Bachata,Pablo de Juana,No Es Cosa de Dos,1YmGwvIbSHQbojF2jMrBsm
Bachata,Sebas Garreta,Explícale,5OlVp2UNDwmPbx15RNdQKy
Bachata,Dj Husky,ALMA,1cDH0iHxQ1lMVq93D7odtQ
Bachata,FRIAS,Mil Vidas (Bonus Track),2eNL120T3EyotH53c5PRPA
Bachata,Daniel Santacruz,Lo Dice la Gente,5zDQr4fz6t8tSkuiSQapSw
Bachata,Daniel Santacruz,La Fragancia,7GtsjJN40nj4adhHmnRQQg
Bachata,Sebas Garreta,Caer,5dEyJpqT0DJn3jKq31Bwdv
Bachata,Ryan Miles,Un Año (Bachata Version) [feat. Pablo Dazán],3G3vSrS08QwnldcSvYhvFo
Bachata,DJ Tony Pecino,BIG BEN,4vNu3pFx5OWoRmmnEiJuEd
Bachata,Karlos Rosé,La Verdad,4XeCpbYmVVFOj8oklcorta
Bachata,Esme,Menores,67CGDs0HEnkwPcjuTq55sg
Bachata,Esme,Bestia Salvaje,6Q7w27JSo4Gr0ZXK00WomQ
Bachata,Montelier,Así De Rico,7AxD83JitYEqnpra7rHsbO
Bachata,Charles Luis,Juntos,6jXMjKZaBR5eTkjxKEsXPw
Bachata,Roman,Santa - Bachata Version,0ON6v6YT4TQBFoVLwIbXm2
Bachata,Dani J,Entre La Espada Y La Pared,2cHZV6OPj0BeWRNaTlnFZJ
Bachata,Ryan Miles,Me Toca,0tDjCwBz0KfcfrJBRC5Xxg
Bachata,Akai Rojas,Es Evidente,65U9GmUjboCtRZpqz7qb16
Bachata,Roman,Punto,4Wqn4vbiTIkcFQF13n8IDn
Bachata,Charles Luis,FAKE LOVE,7jIEvgfM1Jnyh7VTcK2kgu
Bachata,Sebas Garreta,Tiempo Limitado,7GHa0wysASrw0Wja0PHfa3
Bachata,Mario Baro,Eternidad,5SfJc9CVJJ2S83cWRwejG2
Bachata,Manny Rod,El Botón,0c8pQsBAHY40ijzY1fnBMG
Bachata,Johandy,Pasan Las Horas,2HEorApjHa04zzlevNydma
Bachata,Dj Husky,Otra Historia,18japlpt8UFEFEKcjJFhbK
Bachata,Bachata Sweet,como te olvido,5rEVAwxPFcfy1vom7hOTPf
Bachata,Sebas Garreta,Luces,1uJjUngjqOCTLv6XGFwxWc
Bachata,SONCE,Infieles,66XfrpeAwS3WRf1jjkWWUc
Bachata,Jensen,Madrugadas,5RigFcsVsEJJjuPf3OunFF
Bachata,Joel Santos,Al Diablo,0SYVhV7YtLsTBZqIcCJVJG
Bachata,Mario Baro,Aún Me Amas,38cupDT8rNiEp6rUjgTOwT
Bachata,Its-Chris,Despójese,6VgIyGv7sWpEtWhocBehJU
Bachata,Dj Husky,EL ACUERDO,6JAPkcSORv75Yg1EVQf4PD
Bachata,Jensen,Atrévete,0PUfVGPXpbh53wL3yZDcpd
Bachata,Dimelo Cupido,FANTASMAS,4P2JvkdzHNnQ9ZLk21g5wg
Bachata,Dimelo Cupido,ESPACIO,3fHq5kqRmZIIFCqo5JqSYu
Bachata,Dimelo Cupido,SIRENA,2Hq9rrjDAA1XA7BYwmOLHb
Bachata,Akai Rojas,Detrás De Tu Piel,3ekKIwRxCbRIpqCaF1QP3S
Bachata,Jensen,Bilirrubina,297E5Yo9zW0kbIr1MDKHeX
Bachata,Pablo de Juana,Aventura,1kGZltf1mtR3JHLBarH9at
Bachata,Hanae,Pacto,5q9rKFP5qoipTJEsKVbPr0
Bachata,Jean & Alex,Travesuras,1EPdbswWKYwMy3Jeo3tILe
Bachata,Sebas Garreta,Dilema,6Uod9JcYXQQZqCXNEuvDQz
Bachata,Mario Baro,Levitación,0r228L59Bhy0K7YyKYhewQ
Bachata,DJC,La Bachata - Sensual Versión,6f0mjKCEXMn0et7DWMyMOr
Bachata,Mayinbito,Capaz (Bacharengue),2wzHs6G7AS4H2V3Jzl8quJ
Bachata,Nandy Versátil,KANDELA,4cee9gyBSJzgQID0stfm12
Bachata,DJ Tronky,Because Of You - Mi Universo Eres Tu,591xWeTJgBuZ1BuNFKzcon
Bachata,Ren Kai,Quédate,7yInPE6axolKFzczID4nrG
Bachata,Marco Puma,5 Minutos Más,3bVlKujBB8dWWPi0zpvFOI
Bachata,Felix,Bachata De Janeiro,2NhzISxfLlNA3VP5pjNQyg
Bachata,Sebas Garreta,PIEL - Bachata Version,4AK5sDO2FQJ2uJ3qhFOgm4
Bachata,Esme,Doble Vida,4ZZ3jgO4Clf95zH1KKBuJH
Bachata,Dj Husky,Resaca - Bachata Version,5Zr1P7yEXh2fNkw6Cu7U3k
Bachata,DJ Nico,Quizas,1l9Qcy5Ut1EHB7u9VVYZr1
Bachata,Mayinbito,Por Esa Morena,3EeeiWDg7eVvhI9TZy5JUN
Bachata,Akai Rojas,Un Movimiento,7JHHxObwndhZuN997j0f36
Bachata,FRIAS,Suéltame,2cARtLM5RMWGntJ4VzXYll
Bachata,Dj Husky,CRIMINAL,5lZvPWTIY6uA26lZqnSok0
Bachata,DJ Tony Pecino,Recuérdame,0XIgCTYXqz1FtFLomF2QjX
Bachata,Chantel,Mal De Amores,69D6pTQVPhEbDYqdLrNAE0
Bachata,SONCE,Llévame Contigo,3PQjVXDiUsD6I65Fr04FVj
Bachata,DJ Cat,AMISTA - Bachata Version,4qHbuhqJy934z1mPPiesOa
Bachata,Grupo Extra,Si Fueras Mia,1ru6DB1cNrCATzV5GIJcY3
Bachata,Dany De Santis,Hasta Abajo,6TyCY87SwkUnfsQPrwuslH
Bachata,Lean & Akai,Que Casualidad,1CwDIrz0WaVORJOSj19URR
Bachata,Dj Marco Rafanelli,GUERRA DE MENTIRAS,41CGPE0Ru0SAmp54IwI2FI
Bachata,Chantel,Religion,66k3rjoUQsKrRH9HlgGiWi
Bachata,Break Out The Crazy,Notas - Versión Bachata Remix,15PkDjbLHEFDwkuxMtlMGx
Bachata,Charles Luis,BAILAME,6EESvGsvocRFJAqYRmBtFI
Bachata,Jalil Lopez,Mas Bella,2UgT3PPxe0xQACvuf5C4yP
Bachata,Roman,En Guerra,3XY8ZZRs6XhZxScuthPYaw
Bachata,Dani J,Una Flor,3N5UJFGM1cFi6gMvTJNlLY
Bachata,Dustin Richie,Solo Tú,5CJEitQCAH8f46YoH093V3
Bachata,SHAMA,Bachata Loca (Canción X),4fzYdspD7ze6gw95NlwtFt
Bachata,Luis Fonsi,Llegaste Tú,609SDGj0txmlAXRrpwee9Y
Bachata,Ephrem J,Amor En La Luna,2emeRpJSN989u8OtZ2u2ri
Bachata,Opalo,Ayer,6URTWuid3LwK54JFSdDfkz
Bachata,SHAMA,UNA NOCHE,3Ow0xa0gJRt5UH9Ft6BWMH
Bachata,Dj Nassos B,Una Copa Más - Bachata Version,60BuTEIGbijVPFtFC9fgAj
Bachata,Jean & Alex,Lo Tenias Callao,0N6L5MyhU3g9WhrbM1TJmO
Bachata,Gusi,Eres - Versión Bachata,64zGHml2e1GVxEpJYISgt2
Bachata,Jensen,Carita,5gtIktNWlEjTEP5n2ZWSOm
Bachata,Martina Enzo,Estupida,5XomNr0YkkLusvAHPjSv8W
Bachata,Vinny Rivera,Plan - ALX Remix,4hShg5YldtZifVUTgQOVLH
Bachata,Dj Magic Flow,Ramen Para Dos,1dbtexEEeOPRzBdAFWgFat
Bachata,Jean & Alex,Te Pido Que Vuelvas,6DcQjQwo1x3DO8Lb5sgpaW
Bachata,Jalil Lopez,Alma Vacia,55300o1IC0t83Yi2lnCr5b
Bachata,Daniel Sensual,Algo Ritmo,5rBZ7wzyBMbvOUwUveh9dS
Bachata,Brazil21,Poblado,1sXaUGJ2OapzSMz8ORUExy
Bachata,Dimelo Cupido,CENIZAS,0V7hEq9Dj8DdhgZFlqPsOb
Bachata,Jalil Lopez,Hielo,0EV6tbm3gubSQ4vNrKhJHN
Bachata,Karlos Rosé,NOCHE DE SEXO,2DEalgGPY4hE5YbboOzBie
Bachata,Grupo Extra,Bachata Bolero,5xUz72OjSey1Nkky0jzITC
Bachata,Romeo Santos,Jezabel,62itTGQdfJR0QeewWdtWqb
Bachata,Romeo Santos,Celeste,3IDXEIWfNQpeoqus1NFkZZ
Bachata,Romeo Santos,Encerrados,0UNMtItYuBENwCBNMU7Yqc
Bachata,Romeo Santos,Menor,41VHFt4usQQWI44LwDp9DU
Bachata,Romeo Santos,Blanca Nieves,3wLKOtvJTbq6q6N0knlqYk
Bachata,Romeo Santos,Mi Plan,05FOhiWbSLWAvRQecuu3dK
Bachata,Romeo Santos,La Última Bachata,37SYD80d0jkdXGb54fdFfY
Bachata,Monchy & Alexandra,Hasta El Fin,4LJD8xnWEiWYeQWE0qTdyn
Bachata,Akai Rojas,Si Me Extrañas,6Lv0pBzNATDqrk8mno34kK
Bachata,jr,Amarte Sin Amarte,6XpyROhQtyJh1Sd62mHnbY
Bachata,chamo en bachata,Beso Que No Termina,0JDk1mAk1xc4UdzQsBy5Cw
Bachata,chamo en bachata,Colombiana Fui por Ti,3SNRPV9ZKMvCFJsZQdgwQY
Bachata,Montelier,Valkiria,2wxfLn6XjZsMvKCSTGw4qQ
Bachata,SHAMA,OXIGENO,0xFAhHfczs4H91tvymsc4q
Bachata,Raulin Rodriguez,Corazón Con Candado,6BrJFyOcW5El8YLp3DtTJ7
Bachata,Karlos Rosé,No Dejo De Amarte,6acJjbGSWmtY8BMiv0dCYO
Bachata,Diego Martín,Déjame Verte,1imNlcgGvoEAtmhCeGCjcn
Bachata,Prince Royce,Libérame,2ZbaFFVGQc9RXetxHg1eng
Bachata,Karen Méndez,Mi Rival - Versión Bachata,0WBAURWkTHieS0qQkNQMrr
Bachata,chamo en bachata,La Noche Se Excita,6m6WhBVsrrn5sYBucf5Jon
Bachata,Jensen,Lejanía,3dsEINNJ3QjrUl3RkWk6rc
Bachata,DJ Khalid,Cásate Conmigo (Bachata Version),1tQRe8YzjF4SqNHgHAym85
Bachata,Jiory,Casate Conmigo,4WekvmHZdu56Yj8YmZjMdG
Bachata,Vinny Rivera,Roto,27L9sIdSBrq9yztLPcNG5h
Bachata,Charles Luis,BARCELONA,5fmjLIpXO8c2VsaNfbzKut
Bachata,Esme,ACHU!,2FzmeVnJHRr0yzKy7UjWnI
Bachata,Leslie Grace,Bachatica,4DZYmpPrr6agOFB1qQSJ8I
Bachata,sP Polanco,Te Sigo Extrañando,7tTAIa9NxpcTNfNcOGJrcH
Bachata,Dj Magic Flow,Mírame,0JL4D3ItEA993nDozf5tAo
Bachata,Montelier,Delito,0VL0dCyeBuQ1d31W0g5JRr
Bachata,Montelier,Fumo,2aQuSEaxGSokg8rreYgmqO
Bachata,Dani J,Bailándote,6r5mVCJozs9R59iCTeQNRL
Bachata,Yosu Álvarez,Una Llamada,2UlZWvx8Ln1dbkJqHenXvL
Bachata,Akai Rojas,Un Último Deseo,0fQDHgIpGCawlGY1rkInXz
Bachata,Mario Baro,100%,0qiHSdRJV30vhnOYIwJmT0
Bachata,Código,Dejando Huellas,6egeAdAy0BDbyUOvS0cHKG
Bachata,Aventura,Su Veneno - Bolero Version,61MYsf8EqQ95b46GVK2913
Bachata,Aventura,Los Infieles,0HDHY6RSHHG2ZTE0cMT4GJ
Bachata,Aventura,Tu Jueguito,60ZPX5gGSVOz8mH64M0uXM
Bachata,Prince Royce,Dilema,3ivfLh885IydQvVgC3lhr3
Bachata,Prince Royce,Aquel Idiota,6bFIrxak5kFUtFeycfj8Is
Bachata,Anthony Santos,Bellas (feat. Romeo Santos),146PlmOKiTMNagToKXRoku
Bachata,Romeo Santos,Golden Intro,3lZxLzlmc406877kYKZuW9
Bachata,Romeo Santos,El Papel Part 2 (Versión Marido),69mRPCENvW75sIG5EJcAGB
Bachata,Romeo Santos,Doble Filo,7sasRSZNmUPaHXLWndC8oj
Bachata,Romeo Santos,Ay Bendito,4crny1jvLYQ6JZ4IevcxSs
Bachata,Romeo Santos,El Amigo (feat. Julio Iglesias),2ntlfmdvEAuMx5eDXypV4a
Bachata,Romeo Santos,Reina de Papi,5n09CeRGwKaxizUFx7xNK9
Bachata,Romeo Santos,Un Vuelo A La (feat. Jessie Reyez),7yZaCeloDZFlzVZhEnCUit
Bachata,Romeo Santos,Sin Filtro,4SL5NcO2IO1wSfhKch6yHF
Bachata,Romeo Santos,Animales (feat. Nicki Minaj),1JHHPRDCXts9M7mTyVN3Ja
Bachata,Romeo Santos,Si Yo Muero,20V2XxuPtOqtbis0M7aviz
Bachata,Romeo Santos,Trust (feat. Tego Calderón),6sDTrD5v941lbqcLP8UYHo
Bachata,Romeo Santos,Mami,4gkBBHsO2VCIylKhCdlxKg
Bachata,Aventura,Spanish Fly,2gLs3Ecpvi3MZItJN49nNY
Bachata,Aventura,La Tormenta,18SbCsw7hDbtqiXSQMa8CM
Bachata,Aventura,All Up 2 You,6L6hpqD24k6aptgZFyHZmW
Bachata,Aventura,Princesita,7LA7EsuxKrfTo3RMKuMeKY
Bachata,Aventura,Su Vida,25aaZZc6nvcFhG65Mcpkb2
Bachata,Aventura,Soy Hombre,2V8K6Fjtnr07dHQbDefWZI
Bachata,Aventura,Gracias,1I5WFg4GSgwZGiYU80uHOV
Bachata,Enrique Iglesias,Loco,0dUTd8EiD5RhQo1ehWIbAZ
Bachata,Ralphy Dreamz,¿Quién de Ustedes?,0uZDAWitKcqqtq5nUcXn1w
Bachata,C. Tangana,Bobo,4U9EIwcQFvQittYAsZq1HQ
Bachata,Luis Vargas,Con los Crespos Hechos,4rcJKcFxL4toktAuN4Ykj8
Bachata,"Héctor Acosta ""El Torito""",Me Voy,3icyq85xgCVpavwlz6WWYq
Bachata,"Héctor Acosta ""El Torito""",Me Puedo Matar (feat. Bachata Heightz),2qZSeh6H7pUzKeT9emAd86
Bachata,Raulin Rodriguez,Mujer Infiel,4VIkwr0aHuvr5ETPaBt9oQ
Bachata,Roman,Mi Refe - Bachata Version,31D0n35BDhLw0DwQJx8xrG
Bachata,Dani J,Ley de Gravedad,10XqQ5gWzehjxAhYxvwb5K
Bachata,sP Polanco,Luna De Crucero,2AA2Ci9lBHw4hCDs0LOfzG
Bachata,sP Polanco,No Me Toca,1wJlKSQkL3NnrSyoGYsdcY
Bachata,Lean & Akai,El Dilema,6DmvPO2cbP3cLcR7gPr6wJ
Bachata,Pinto Picasso,Un Trago Una Bachata,6UKWddIvsiTXqCYjXbB4GB
Bachata,Prince Royce,Dec. 21,5HXMo0UmeCdK9c8uDm9KKz
Bachata,Lean & Akai,Para Besarte,3nY9vmxNNGQSWTZcyQAYSc
Bachata,Pinto Picasso,Feeling Something,3HodFUzilBclM9v6FutNjJ
Bachata,Mickey Then,Sigo Tomando,60SvXcBszVMC4xaa9OKN4N
Bachata,DJ Clau,Cobardes Al Amar,762SnZQu22ocUCpE8O0jg8
Bachata,Fraimin Castle,Reina de Mentiras,7inBLp4aG7LC7i69gZiDh4
Bachata,Esme,Amantes,3gcnGClpXshVF9WCeqhNp1
Bachata,Mr. Don,Sin Tu Amor,51Qo4o1rz2FJ5h0ie2Okjt
Bachata,Grupo Frontera,ÁNGEL,0jYGePHozqLtHWoKVQZrFV
Bachata,Jhonny Evidence,Se Murió Cupido,6uySceZM47VNUbZc7BPWQt
Bachata,Romeo Santos,Imitadora,4fSZ0TgFfg4wMqekZBWMpe
Bachata,Manuel Turizo,La Bachata,3tt9i3Hhzq84dPS8H7iSiJ
Bachata,Chayanne,Bailando Bachata,2dK99lWPkBVwNen6gK1AtI
Bachata,Aventura,Yo Quisiera Amarla,7Ln0OEpEiFDMwxHfEMP5aM
Bachata,Romeo Santos,El Pañuelo,3c7H5RL3H6jFgDTbMxGBe9
Bachata,Romeo Santos,Sus Huellas,7fBuy1fdHEwG3mRdlHNM41
Bachata,Prince Royce,Si Te Preguntan... - feat. Nicky Jam & Jay Wheeler,2r1L6F0JvRf4eUboSZGYwb
Bachata,Camilo,BEBÉ,3Zf4GutWZ7Hv3wsVQsSQPs
Bachata,Prince Royce,Me EnRD,7aXr2JNUHePmPOg7EI4uF5
Bachata,Prince Royce,Adicto (feat. Marc Anthony),4Xqpt53kWML7eTObGxQ43i
Bachata,Aventura,Peligro,6EErUzFfx0ZoxjXoq8ud8J
Bachata,Aventura,El Desprecio,4m9QqcnlQtpCvqxCoClkh3
Bachata,Aventura,El Malo,217bRMES4HVbPdUe8l8ECN
Bachata,Aventura,Por un Segundo,2MioxSroS0g1mi24LLfcnq
Bachata,Yoskar Sarante,No Tengo Suerte En El Amor,1dazXPzmgBB7sNxodglb1l
Bachata,Joan Soriano,Vocales de amor,2ol8gW4sL5pqYk44P00LxK
Bachata,Prince Royce,Te Espero - feat. Maria Becerra,0yZSHWzoIYQZLXPwcwNce2
Bachata,Lenny Tavárez,TU FEO,38jBAtOoRaMtQdhRvrGD39
Bachata,Aventura,Dile al Amor,2Bhmj4XK33InfhqKPxcJ1v
Bachata,Anthony Santos,Corazón Culpable,1JsPMdQtbOdQqjWhyZTjXd
Bachata,Xtreme,Te Extraño - Bachata Version,42juBvAuH9xTPhTXVaxK4W
Bachata,Dani J,Fanático,3MphyKUhKGJRIMbZzJMqYJ
Bachata,Camilo,La Boda,4vj6sWvmBLMhoF8AWQSeHX
Bachata,Código,Carcelera,6hQKb0H2HLLNBI3NDBsVjH
Bachata,Davix y Geomal,Bailando Suave,2igOCWpe8puLyMtjAh4ATq
Bachata,Marino Castellanos,Eso da Pa To,6CNLJne75iQxfVfcqsTGzN
Bachata,Terrence Brian,Heart Is On The Line,62NyXE0TVjSBSozdLMHUly
Bachata,Ralphy Dreamz,La Serpiente,0wXOU7C0hCqjegzXBRwJeh
Merengue,Elvis Crespo,Suavemente,1YwPNemawMgGe6sF4U0FTE
Merengue,Eddy Herrera,Tu Eres Ajena,1jD48pmiHMSVHHPzKLi4P3
Merengue,La Makina,No Me Digas Que No,5hD4JNBJ2vcM42x8hPxnvo
Merengue,Elvis Crespo,Tu Sonrisa,36gbETWFHYOhKagApK6spF
Merengue,Juan Luis Guerra 4.40,Las Avispas,0K1XXuhaJBPWMcgjj3ug3u
Merengue,Fulanito,Guallando,0hq1gkWRT0yhcm8K5vw8wm
Merengue,Sergio Vargas,La Quiero a Morir / Si Algun Dia la Vez,5bpQBpeGQ0vRYs5JTGqR1t
Merengue,Proyecto Uno,Tiburon,2GcjfckZexh9wRRjg9KtQG
Merengue,La Banda Gorda,Mi Mujer Me Gobierna,6O5K9nWwxg5gTijmedgWdc
Merengue,Joseph Fonseca,Noches de Fantasía,52HZfvYGAbWx86xzFBeoQh
Merengue,Wilfrido Vargas,A Mover la Colita,3mO4W4lB8wDrQ0UE3dz4gh
Merengue,Eddy Herrera,A Dormir Juntitos - Liz featuring Eddy Herrera,3mra5ShNolELD0KNrMQo9D
Merengue,Grupo Climax,Mesa Que Mas Aplauda (version - Española,4zF01gb7Y1ahbwddzifsir
Merengue,La Linea,Si Me Dejas No Vale,3rSZoC9l3gIlY0ukyU0sgI
Merengue,La Makina,Mi Reina,0YgQktpUzB8EQHSxifAYn3
Merengue,La Makina,Nadie Se Muere,2BnphYbwrZvdrGnc1A9kUe
Merengue,Nay Arias,A Güiro - Canarias version,0JpoyMMsih3jfH5wLB95z7
Merengue,Eddy Herrera,No La Puedo Olvidar,3cEKj9A8E26BQUAKDSh4t2
Merengue,Juan Luis Guerra 4.40,Como Yo,1D5Z5K0orsn5dSDpnan8XO
Merengue,Grupo Mania,Un Beso,38lCRshTsoQAm9qLWridjv
Merengue,Chino & Nacho,Tú Me Quemas,1dnJrxNtaS0fCPRDooTqBM
Merengue,Sandy,Homenaje A Papo,2xoRgkL0F9RvgYCWZeM2FX
Merengue,Gabriel Pagan,Another Night,6ZOZW00i9w8wwfwZtpreZI
Merengue,Ilegales,Como Un Trueno,5NuGimnwSMQwBKgCCy7wIn
Merengue,Sandy & Papo,Mueve Mueve - I Like to Move It,5gbzZ4E1q8kGhq9iGaiD2y
Merengue,Sergio Vargas,Anoche Hablamos de Amor,0ElCcbF18PWFCLzMwIJU9m
Merengue,Elvis Crespo,Cora Roto,2fXM7ZiVSvyPS592l7gGaY
Merengue,Dale Pututi,Mujeres Bellas,4oqVNFdh2vaPfzneTL7k3c
Merengue,Calle Ciega,Sólo Te Quiero Amar,1VNlNrgyCrPTJkAyYVIxvO
Merengue,Omega,Merengue Electronico - Rompe Consola,34A9YrWl8XG6CU6FOkfPRL
Merengue,Magic Juan,La Ultima Vez,1SUxJZSudxSyzbRvCWKkrp
Merengue,Pochy Y Su Cocoband,El Ombliguito - Merengue Version,6oCdQgeMtkYYaT2IZZKMf7
Merengue,Juan Luis Guerra 4.40,La Travesía - Live,4D8gW1C7liaw93myI7kY8F
Merengue,Grupo Mania,Mi Dolor de Cabeza,6Q5L18Q4WeBPfjvkHWQyPN
Merengue,Chino & Nacho,Sin Ti,509a8Wwi22NrKOpELCrNWU
Merengue,Alberto Plata,Merengue Apambichao,0tlWdF3IW6pnxuCQtweWK1
Merengue,Gabriel Pagan,No Pasa de Moda,4XfdZKOUGAKVo1OjLuk5gs
Merengue,Tonny Tun Tun,Noche De Copas,4WOm2LqGKYJwtexswucjJK
Merengue,Romeo Santos,"15,500 Noches",0X6sRADYbUDYutAulPllKN
Merengue,Sandy & Papo,La Fiesta,7yEzrqSsvmAQGpEQtl1UYp
Merengue,Proyecto Uno,Latinos,6RpkUBv1KKsJBWf3gmQ1R9
Merengue,Elvis Crespo,Nuestra Cancion,16LDbpqgCtvEZDQ5wfOWrj
Merengue,Chyno Miranda,Dónde Nos Vamos A Ver,1zQyjFtJ1H7RcKLfVULRIr
Merengue,Manuel Turizo,Apambichao,7JyOLiz8L1nFhJx7mMfv4w
Merengue,Eddy Herrera,Devorame Otra Vez,1gLzHAYHH02lOTmkCmQaIy
Merengue,Charlie Zaa,Lo Pollera Colorá,6EvLieJ0cDg42xXMCA2yKM
Merengue,Juan Luis Guerra 4.40,La Llave De Mi Corazon,6gXGdQp8Zr2UR7sj1QoEj1
Merengue,Grupo Mania,La Nena,5wQNxO1wC7eLEJjfZVfDmh
Merengue,Chino & Nacho,Chica Ideal,4Srvy4oRCMF9YhkEPfZMXi
Merengue,Calle Ciega,Una Vez Mas,7jsy7gDisKp3fy97GBTNIh
Merengue,Ilegales,Ayántame,3v8rMwnAtyeFSICYNceCEX
Merengue,Farruko,Mi Forma de Ser (feat. Ala Jaza) - Mambo Version,3eL5jJwutVux7277wM5qzV
Merengue,Tonny Tun Tun,Cuando Acaba el Placer,75AmStHjMngjpOBIqCfpTJ
Merengue,Sandy & Papo,M.S.R,3liZ2dKDh5msYk1MBShYGo
Merengue,Proyecto Uno,25 Horas,5fq4jxlqyjAVFLOB0lZIdT
Merengue,Elvis Crespo,La Casa de Ramon,6ZGEQPicVG2ERQE763HBAm
Merengue,Frank Ceara,Así Bonito,1rOJqvuNq8LWRXFTM38n2e
Merengue,Los Dinamiteros de Colombia,Ojitos Mentirosos,5XqxfWHw6eQ2FGd7rkhDvr
Merengue,Elvis Crespo,Me Mataron,2cPx2KVe8WZw3A3xaWhk8e
Merengue,Juan Luis Guerra 4.40,La Bilirrubina,4xzcXQrlMKwvv3kDpvBKWm
Merengue,Los Melódicos,Zúmbalo,7nhT7NOcyixKV17KLPAzdE
Merengue,Los Fantasmas del Caribe,Muchacha Triste,5Lhea4g9nPsbmwo2HIBpni
Merengue,Fabian Yoshioka,Vestido Rojo,7eG11bnf4TfZ7lrerJR0OX
Merengue,Banda Blanca,Sopa De Caracol,5jBMSbo3AZzsen4gCOKxKB
Merengue,El Super Show De Los Vaskez,El Si Mambo,5Kbd692tgH4b0tH83PJEpP
Merengue,Wilfrido Vargas,El Baile del Perrito,4uJMySBZrXhLThpLHwdE30
Merengue,Ilegales,La Morena,3sVfjl9XFBk8gjGrph7EWo
Merengue,LI-C,Bumerang,4yJWXBtxiIMcQa71Nw3hK8
Merengue,El General,Muévelo,2oZLIxCH4U7a5uc307IFLp
Merengue,Kinito Mendez,El Tamarindo,0xyyN2bcw7UmvHHRpZB99O
Merengue,Reggina Mendoza,Supéralo,5mdQmw4fbGDJABmU25AcS6
Merengue,Los Originales Pappys de Cancun,El Abejón,0wO9DZysG4MlvhtEP26Cx2
Merengue,Serbella,Cotilleo,5UXofPu1QnFIYiLqqkWVcC
Merengue,DJ Ramon,La Peluquera - Merengue,2WZYglIOzWZXW7ibtv6gh3
Merengue,Lirow,Piel,2V4CjKjykFoOtmqscJ9U9x
Merengue,LA BANDA,La Botella,2hDf0cG8Si5G33ycXQWzjW
Merengue,Madduro,Imaginate,1D8JbQ5K3SpJfBMj2JTQcH
Merengue,Elvis Crespo,Para Darte Mi Vida (with Milly Quezada),1SrTKJtKmtJtAoGYCaSnl1
Merengue,Lirow,Ojitos Rojos,3aELvqT50UzebNg2at9vDe
Merengue,Rayito Colombiano,Quiero Dormir Cansado,4Arqisb9TdMSu70Tmg0yno
Merengue,LA BANDA,Todo Me Gusta De Ti Merengues Eternos,3t4VbvCXU3HVpV47x1kRuU
Merengue,Nathalie Hazim,Amor Bonito,3ywywqSsDOXcuNRDnohoYY
Merengue,LA BANDA,Pa' que' baile',208r1eI2h70gaBiunUCQ76
Merengue,Ryan Milo,Ya Lo Sé,6LUrxDGmIajiYzYWswNue4
Merengue,Los Melódicos,Mi Corazón,6l0xwRuI7LrQ7xfBx4YLwi
Merengue,Rayito Colombiano,Se Me Olvidó,2GOlCZtsQUEUzacRfK585d
Merengue,Natusha,Tú la Tienes Que Pagar,6B705KIjSgGYZqjrHFvRr2
Merengue,Pecos Kanvas,Mar Y Luna,49Es10LfY1GL6sCw2BrMah
Merengue,Johnny Ventura,Patacón Pisao,7J3rDUSA4vDHaqHPblboTU
Merengue,Wilfrido Vargas,Por la Plata Baila el Mono,3cryu0oGy2CrLcXVn0GzJm
Merengue,Rikarena,Cuando el Amor se Daña,4uq7AHJBZbXE6jqIVqQD5A
Merengue,Lirow,Adoro,1ZqALGsO0sRGsJqCZfai7C
Merengue,Los Amos Del Ruido,Un Día de Suerte,7IKH3JAx6reU6OyRZQQrEa
Merengue,Kinito Mendez,El Baile del Sua Sua,6VCAUpeKXJrvcpV93RIGne
Merengue,Los Originales Pappys de Cancun,Me Está Llamando Cancún,1V7kZgraQQ4YP1508787MO
Merengue,Los Amos Del Ruido,What Is Love,5duoRvU3f2zfKxEtE3gKss
Merengue,Lisa M,Tu Pum Pum,329V1noI2UpKcIlLgupkBM
Merengue,Rigo Dominguez Y Su Grupo Audaz,La Fiesta,0vdx45tBCWIV6ePJ9YZl3H
Merengue,Karolina,Mentiritas,4SWsvpU0dZZUNfnAu3I2mF
Merengue,Los Amos Del Ruido,Girl Muevelo,4tzN2SHcqhccWmXDiG9U9D
Merengue,Los Kassino de Chucho Pinto,Isla para Dos,2i1as20OdPRQxDegXAFcXL
Merengue,Los Amos Del Ruido,Ámame Hasta Con los Dientes,4Mv5ONH5yjaIUFEVWm85Ro
Merengue,Jossie Esteban,Un Hombre Busca Una Mujer,0gUEASZhZGZb60JqyQwytv
Merengue,Kinito Mendez,Los Hombres Maduros,36lQgBtFSFqPHugHshuPSg
Merengue,Rigo Dominguez Y Su Grupo Audaz,Amor Costeño,1bZeDeRmsS6OTsAYoFeUfx
Merengue,Los Originales Pappys de Cancun,Te Amo en el Recuerdo,4JZ65Pt6XbbOH4wUFAfses
Merengue,Vallenatos Nativos,La Chica Gomela (Niña Fresa),69qirPIejgKVEeflQfGah5
Merengue,Gilda,No Me Arrepiento de Este Amor,3mXLgWxNIbEFXWPppGjc6a
Merengue,Los Fantasmas del Caribe,Celina,24ltFAYhnwPAhVDt498cxd
Merengue,Los Originales Pappys de Cancun,Una Loca Como Tú,5gj4zZaiLz9Jp5l673h6JL
Merengue,Kaoma,Lambada - Original Radio Edit,2VpdG2QLhVv6qAPdDt9Ipr
Merengue,Selena,Techno Cumbia,6pqLOC8DzbqzY2REgSbz4R
Merengue,Gloria Estefan,Conga,4aMT5LHe8A2uIc11H8Cx2m
Merengue,Grupo Merengada,Te Compro Tu Novia,3TdNGE20GAHpymGFU2Ysxv
Merengue,Wilfrido Vargas,Volveré,0HFBBgkhwJMvPiEDIkEsyt
Merengue,Master Kumbia,Ojitos Hechiceros,4ZdTTYuI1RPYozqv6lnxaq
Merengue,ChiChi Peralta,La Ciguapa,5Pm8Hn69ck5Kp7S1Q9DJje
Merengue,Los Sabrosos Del Merengue,Soltero y Sabroso,5Sqg07fTOMyws1MAEL7R3e
Merengue,Kinito Mendez,Cachamba,2HFfwhwTbpGq8Ebi3Nkdwv
Merengue,Los Melódicos,Ay Amor,3IIcfSqWExqdjypo8HlMq8
Merengue,Two Man Sound,Coco Loco,70PaD8VRXmFYrJPwWRWDDO
Merengue,El Super Show De Los Vaskez,Pollito Con Papas,4DdA7crmz6rdvJTnMcQc5q
Merengue,Los Fantasmas del Caribe,Por una Lágrima,2vxemUwuFetliyrL6OSOSN
Merengue,Los Originales Pappys de Cancun,Tú Sabrás,5W1sMCGokIDixPIytmT8wM
Merengue,Natusha & Kondor Band,El la Engañó,5jr886Foyigc6j1qtJtvsX
Merengue,Química Perfecta,Oasis de Amor,3BHOX59WrGPcvARwoMogfT
Merengue,Las Chicas Del Can,Como una Loba,7imf1muwG5clrKid7c41Yr
Merengue,Mega Boom,El Brinquito,4LZLOPjFbx6U6Stwn46Lhy
Merengue,La Makina,Que Cara Mas Bonita,1b3mIay1XaXM19biwqTJdn
Merengue,Master Kumbia,Paloma Ajena,3nVMoIv0dLJCmAlC64QuXQ
Merengue,El General,Rica y Apretadita (feat. Anayka),2XRqhe4lmCQVaUWawR5wRo
Merengue,Amaya Hnos,Me Dejaste Sin Nada,7sY9y2ZBfULf5GpQHp1f71
Merengue,Banda Blanca,Fiesta,0DekuxPNx9ImAWQHXldJ9P
Merengue,Mega Boom,Yo Mejor Me Opongo,4qatWxwN0ef38yeR8jSnck
Merengue,Carlos Vives,La Gota Fría,5ZaTqcL7zIreaVNeVy89Iu
Merengue,Los Amos Del Ruido,Boomerang,1SzZbG34Lt29qS5DIhzz3q
Merengue,Química Perfecta,Amor Secreto,3RLdmgYqLbXHpUiNiN0nRX
Merengue,Blanco Y Negro,Bota la Bata,3WLkUTGNwqR6orTjYTl497
Merengue,Blanco Y Negro,El Berem Bem Bem,5kFA4kiwwpfxBsK1j6horG
Merengue,Los Siete Latinos,Ritmo Sabrosón,6vErSQ618Us8R0dDRidY7V
Merengue,Adolescent's Orquesta,Me Tengo Que Ir,3kNQh1pLaQbZZoh6GDzHGp
Merengue,Los Zemvers,Festival en Guararé,54BHpdO0PEDHnHuN2UtayV
Merengue,Mario Polo,Quiero Saber de Ti,7cSM0ww1uDmJPDNG2YxYaV
Merengue,Los Zemvers,Buscando una Morena,7juX2l4tUnBQQv5Nu7aLx8
Merengue,Daniel Villalobos y Su Grupo,Enamorado,2yXWqU0ZxDOSCPYzDlBa26
Merengue,Blanco Y Negro,Gavilán Pollero,0KINhovu8xzTdsZMBUG5pd
Merengue,Los Amos Del Ruido,Sacúdelo,1camyErpP1xmcvzKXVU6zF
Merengue,Genaro Guerrero El De Campeche,Volverte a Ver,0y0MR5ylQiFyQhvnJnUHmg
Merengue,Merenglass Grupo,La Mujer del Pelotero,3dljpxvacIs8jux3Dd1nRw
Merengue,Zona Rika,Spanish Girl,00C0QqlR0vBK05aE1KSRNB
Merengue,Zona Rika,El Bacalao,7tPV2NvibVJSm9SCrVlAPX
Merengue,Zona Rika,Voy Pa' Allá,4K7tsUqnU0oevgHszISemt
Merengue,Zona Rika,Caramelo,5mDJBbTaPLfWhkRNSc04ek
Merengue,Merenglass Grupo,El Baile Del Oso,2pEcMaZnDWsk1CPk1df0Eb
Merengue,Zona Rika,El Tra Tra,0BOH2ZXefqgfTAsAcf6sIQ
Merengue,Oro Solido,Chicharron,2tro0Zxqx3M2jg3xEkZEg6
Merengue,Mala Fe,Con El Pompi Pa' 'rriba,2NMCFyKkZFbjCDauYOBRKI
Merengue,La Banda Gorda,Tu Muere Aqui,6GhjK3Tv16mp2OJcGjMWzk
Merengue,Oro Solido,Ta Encendio,550quMPFibWHSnSY2JR5ss
Merengue,Oro Solido,El Baile del Beeper (Version Mexico),2qBNmCtprsZoCfpE0dR8xR
Merengue,Mala Fe,La Vaca,7neWp4incUBLP1XQTNWmP0
Merengue,Madduro,Anoche,1K47WJOFokYomIVPfanmUh
Merengue,Los Dinamiteros de Colombia,La Velludita,7F4CSx6USNhq2zmLcieu1x
Merengue,Oro Solido,Verano Solido,4gX4SWRECvi3qtuHZhlCcY
Merengue,Juan Minaya,La Unica Mujer,3SgJPmHo4LlbOFL7YmeVgn
Merengue,Oro Solido,La Tanga,3WR0HJjfwR4ajCRlhUXdbY
Merengue,Yas Gagliardi,Enredo,2guJL1VjXCComJAHjtAHYn
Merengue,Lirow,Piel - En Vivo,7w8RhAKmGxLcdGQ1xNCz8O
Merengue,Oro Solido,Abusadora,3LNnEW7KEOsZQnzonJF58D
Merengue,La Banda Gorda,El Rey Del Mambo,1yPS1j2CA5fsocG4Qxm606
Merengue,Mala Fe,Tra Tra,7m8n9cq3ooZiZbLSv7MFx5
Merengue,Rayito Colombiano,Sueño,4h60dyypzuhyNGPAjOdPep
Merengue,Zona Rika,"Loco, Loco",29djXeB7g34omxY1SOrQfz
Merengue,Michell Flores,Celoso - 2.0,7AflMq0H2emLtdj29qbMxr
Merengue,Agua Nueva Tropical,Hoy Quiero Cambiar (Versión Cumbia),0sxZ1NLtvZGRzkAgeGqduD
Merengue,Ales Sandro,No me falles,7eixWEhyQaNMYTAF6fLpkV
Merengue,Osvaldo Ayala,Nunca Fui Tan Feliz,0wgrfgtwLj6DK9R4uG9WR3
Merengue,Olga Tañón,Ganas - Versión Merengue,1TLZarOJe4WbDOMHoXBMfE
Merengue,Elvis Crespo,La Foto Se Me Borró - Merengue,1MxNwHrvKhW9LEcBSd8J9r
Merengue,J Balvin,6 AM - Merengue Remix,2AmOtrSrZp2AjjJknt7vz3
Merengue,Sergio Vargas,El Merengue Se Baila Pegao,6V8PkALHi1MmvOTUMHuGCT
Merengue,Los Reyes del Merengue,El Baile del Beeper - Versión Merengue,3hyHCqpqj1TR3qhafGfrex
Merengue,Orquesta Armonia Show,El Reloj (Merengue),0vDTT4hjiQBUs5kWXvwqDx
Merengue,El Combo Dominicano,Borro Cassette - Merengue Version,7B03uYTnvc6hlXEZ6d9MdD
Merengue,Manny Cruz,Que Rico Es el Merengue,1druNhZbjINk2F0LdnIInp
Merengue,Wilfrido Vargas,Merengue Que Aloca,4oVO6Oy1qAQCxbpIotZxIu
Merengue,Olga Tañón,Bandolero - Merengue Version,6C4DVMXNNjZsR7WAnjlyJu
Merengue,JENCARLOS,Pa Que Me Invitan - Merengue Version,4ApICQMT9fSdgE8h1wKK8c
Merengue,Elvis Crespo,Guayo - Merengue,5HaJFkq7DEQ6QMaj0wwI7Z
Merengue,Juan Luis Guerra 4.40,Merengue De Cuna,4agadYyhCHXU3qIhHam7ZI
Merengue,Marshmello,El Merengue,51FvjPEGKq2zByeeEQ43V9
Merengue,Toño Rosario,Alegria,51VCeHkyRAaY8wUbsU66Ix
Merengue,Los Hermanos Rosario,Esa Muchacha,21vHk583nlNXmTU8B6UGj0
Merengue,Los Hijos De Puerto Rico,Separados,1chkHVbHvQO2kQegAWUABB
Merengue,El Combo Dominicano,Mayores,0z0cIv6wZGjxzVAb7H8oFM
Merengue,El Combo Dominicano,La Cucaracha,3VBnhEvPBkH5nUMCtAGpv7
Merengue,Don Omar,Virtual Diva - Urban Mambo Remix,0g6kdB4Sf60QCwLu9TMpxm
Merengue,Banda Furia Latina,Kulikitaka Ti,73iOpdiKGirHPzSd9G95Jx
Merengue,Toño Rosario,"Dale Vieja, Dale",2Wg6cw9MOHU3MvkwXw3mll
Merengue,Los Karkik's,Arremángala Arrempújala,1eiEHx5HeyTB3cjVxvFwUO
Merengue,El Combo Dominicano,Dale Vieja,2BKy24o7zh4D0oIJmFysCW
Merengue,El Combo Dominicano,El Meneito,7lp0O7Lj2P9PJFXnY4UGhY
Merengue,El Combo Dominicano,Un Beso en la Discoteca,6bkzRcMNl5FhgdYwc8oyIu
Merengue,El Combo Dominicano,Virtual Diva,6rPpnM2H1Rdx1ajcDNxFbG
Merengue,El Combo Dominicano,Por Tenerte,15oqC6mOXng7VmTS3eKjMe
Merengue,El Combo Dominicano,Mi Gente,5fJdCwy10Gn7lSGKQ4ZuSY
Merengue,Grupo Mania,Tocaito,1qXbqdkf613klEPIV30K3L
Merengue,Chocolate,Mayonesa,5Qjx4obghhfhsh6DiUwpNM
Merengue,Alex Bueno,Amor Divino,3ihQKGmRniv70TfVNCcppj
Merengue,Sergio Vargas,Penas Al Viento,0x8VQRxUWMrkv9aWktKKtW
Merengue,Edwin Rivera,Quiereme,7LmpIKbuoVaZtHXCdIGeJz
Merengue,La Banda Gorda,Subido en el Palo,6iOPBhSOy5mHag1Tx69hu2
Merengue,El Combo Dominicano,Maria Lola,54ZhgSkCXxqFD4sSPbWqjq
Merengue,Wilfrido Vargas,El Mono,5L8xWjak06ON5UdfSDYLBj
Merengue,Wilfrido Vargas,El Africano,1F7EGYVJiBusFa9AYML6j9
Merengue,La Banda Loca,La La La,5LnsMUMVDs3uU5w94REpBv
Merengue,Elvis Crespo,Sopa De Caracol - Yupi,4cPCg614tObVANhAacGdi1
Merengue,El Simbolo,1 2 3,3rxs4C8FPu0DcuKVaZlUCu
Merengue,La Banda Gorda,Pa' los Que Sufren,61uaJvwOzhziQsRGpS7Dqb
Merengue,La Banda Gorda,El Hombre Cariñoso,0rSFxZyMBnRUwOTkMOIUZv
Merengue,El Combo Dominicano,Vuela Corazón - Cumbia Version,3kwfjmUUY6ElKNEVYMTbu5
Merengue,La Makina,Corazon De Otro,7lCrsNdipwOICCRHFNtOoy
Merengue,Grupo Mania,Que Loco,7jPaL6hHgmCPT7ylJRluUM
Merengue,Grupo Mania,Me Miras y Te Miro,1mEzt9vn6ROvC2xCYaAdBQ
Merengue,Joseph Fonseca,Que Levante la Mano,4mPgxlYJlHWiy5BrzKxBe1
Merengue,Eddy Herrera,Demasiado Romantica,5e6DvXTWzC8i9MdsLZaTgb
Merengue,Eddy Herrera,Un Idiota,0DytMjpDw0CjYfAG63VCwT
Merengue,Eddy Herrera,Como Llora Mi Alma,6PyjCvzYeYPbW6EaEYI3d5
Merengue,Eddy Herrera,Contigo,2narISflqs5PZ7YbqyBqfF
Merengue,Rubby Pérez,Tu Vas a Volar,63UMjW3BogcZsHsRO9EcDo
Merengue,Rikarena,Era Mentira,5HsglGvMFQvP0wEupHBRV3
Merengue,Rikarena,No Puedo Olvidarla,5kxzQ4vMDE046WwncbdyB9
Merengue,Rikarena,Te Voy Hacer Falta,4KU0EUeD26y6PUGiHGjGBz
Merengue,Limi-T 21,No Vale la Pena Sufrir,6qf6WInODgkkK4503iSea5
Merengue,Elvis Crespo,La Ventana Marroncita,0WzWqQlZBzxgzVhm8Ep4CX
Merengue,Manny Manuel,Si Una Vez,20FcKeDZBAClUtEZVU1OVe
Merengue,Manny Cruz,Sabes Enamorarme - Radio Edit,1xu6ahswvBgOe8V7DFHhPC
Merengue,Manny Cruz,Bailando Contigo,4T8nmzARtOIVPuYJ0fvvMX
Merengue,La Banda Gorda,No Toy en Eso,6Ct5numozmwH12fNnQOXL0
Merengue,Elvis Crespo,Imaginarme Sin Ti,6wLAOahVdeEJxhEOH8byCL
Merengue,Los Hermanos Rosario,Un Beso y una Flor,4J37M8rQDcdlX0AZiouwsH
Merengue,Manny Manuel,Como Duele,5mrFf7jqiQfvCMpziM8LfD
Merengue,Sergio Vargas,En un Solo Día,4hSq1erk20tcmUzZtNuc5C
Merengue,Pedro Miguel Morales,Por Amarte Así,1UCrrcssU9MFYwm2rCj0UB
Merengue,Elvis Crespo,Lluvia y Samba,1AV9KQLsAUWlUhCxbExYxz
Merengue,Elvis Crespo,Una Vaina,6MS9IUDdZN2ycpruiXq0bo
Merengue,La Banda Gorda,Let's Go,1zunHZNruO1nl3wJ0Tx5GX
Merengue,La Banda Gorda,Pa Que No Descuide Lo Tuyo,0akQP59AcGGasZBUjuIPD8
Merengue,Henry Jiménez,Dominicano Alza La Mano,0h07pBb2z7suzZbB3nJBoq
Merengue,Olga Tañón,Todo Lo Que Sube Baja,4U0wBFXkq5pnMVAZdNKpRf
Merengue,El Combo Dominicano,Esta Noche,6lLH7hF1Kz1Sn7m2wkkCkB
Merengue,Toño Rosario,Resistire,7FsESZMkzIJYQAekB2BsIb
Merengue,Olga Tañón,La Gran Fiesta,7IzerXwit7WFhdKutWWqmd
Merengue,Juan Luis Guerra 4.40,A Pedir Su Mano,0Y6RXhbU85T0P0HeiT1Tnb
Merengue,July Mateo Rasputin,Oye Abre Tus Ojos,3jBtJBsO6LCQ73fmnIOlLt
Merengue,Ala Jaza,Eso Eh Bulto To' - (En Vivo),6xHA0Rnu4hVS9HYdiFTEhs
Merengue,Nacho,Dame Una Noche - Remix,3yBOBCEkm1E2dPhWhgH3cx
Merengue,Grupo Bomba,Sobrio,4XYkzw8v1GHRhyGg27bb4U
Merengue,Paris de Noia,MIX ACTUALIDAD,0OfqxN5FOG8Kn1ULAF289Q
Merengue,Olga Tañón,Mi Forma de Ser,4v5L6UOxIaj6f5fwgP3MNc
Merengue,Juan Luis Guerra 4.40,Visa para un Sueño - Live,3ZeJ6lD21EdxYfjp9kPh9O
Merengue,Grupo Mania,Ziriguidum,3IlSiEt3LZHvGiaOwC1RAi
Merengue,Sandy & Papo,Huelepega,4mmxRNcdgtMQ5diCI5LiNs
Merengue,Ala Jaza,Con Quién Te Olvido,6OdwWX4mC2TZWtF0UHRtCC
Merengue,Wishow,Perdóname - Remix,30hbAlwbGKhm24kxJUk6jR
Merengue,Elvis Crespo,Tiburona,35QguPAF5pYFlS2I66C7m0
Merengue,El Jeffrey,Palabritas,5epiks9AVbw6MoHRv41bPW
Merengue,Limi-T 21,Estás Enamorada,6RwiMja5FdaP8mKCRlg6jl
Merengue,Eddy Herrera,Carolina,1haZNySpzQtVzEE2TA4Kgg
Merengue,Wilfrido Vargas,Mi Conuco,5Qijv9Ynhn9lJCkVmeARkN
Merengue,Elvis Crespo,Abracadabra - Remix,47iIwWo6cxBChV3WbzNOvm
Merengue,Los Cantantes,El Venao,12Jg89d9Cz2qwTnxIbX03g
Merengue,Juan Luis Guerra 4.40,El Costo de la Vida,1CHwcGyYGffGjaaM6pAhvM
Merengue,Eddy Herrera,Mi Forma De Amar,0jkkUpEiaeiDj3GFhLx4nb
Merengue,Zafra Negra,No Llores Por Ella,08Kj8ngwRihIzX2EquAaAN
Merengue,J Balvin,Eras Así,19yfOVNBk5X0xNW9sAfkoB
Merengue,Sergio Vargas,Aquello Que Me Diste,2wH9VlOkRdxtJriFQ2K6hV
Merengue,Eddy Herrera,No Me Lo Creo,0bZq0jZAwvAEND6Z7cq11K
Merengue,Ala Jaza,Nadie Se Meta,2kl0lh3HrprVZSGxECZcIi
Merengue,Grupo Mania,Di Qué Sientes Tú,4awc6AIo3bTcN08HkwmN6d
Merengue,Eddy Herrera,Remember (Summerlove),3ACgsBiyVD6FY4wvsxvK0B
Merengue,Juan Luis Guerra 4.40,Todo Tiene Su Hora,5HsI6uI1h1xNznhOsKLjHr
Merengue,Grupo Bomba,Le Hace Falta un Beso,4Sr6jZPhmuy655OZujFQwp
Merengue,Toño Rosario,Otra Como Tu,4Vn7MXHMq3qXY3kAfUttc8
Merengue,Tonny Tun Tun,Dile a Él,7j0IyYuTRbb88F3z9TNpNh
Merengue,Los Hermanos Rosario,Fin de Semana,2gKzyUChPNOF6Eg0W6WcvZ
Merengue,El Jeffrey,Cuentale a El,3Uzl2ybkaYZB9GawQjRIU6
Merengue,Tonny Tun Tun,Sábado en la Noche,7Mzdp3iFtorKQgcmZmhv57
Merengue,Edwin Rivera,Locura Automatica,2lWe8A25wGwVLSiU4DSrtR
Merengue,Tonny Tun Tun,Tú Me Provocas,2p2zv469vXDHiAccyejtvD
Merengue,Rubby Perez,Locamente Enamorado,2WtGABqcNDiKKOJeisa9eb
Merengue,Grupo Bomba,Vaina Loca,50u5RAZKavx7DikmBmBVl5
Merengue,Juan Luis Guerra 4.40,Lámpara Pa' Mis Pies,0UnJphaDGpljP59lXRMaiE
Merengue,Gabriel Pagan,Un Hombre Busca Una Mujer,2zPWfNLVf6rObUn27LKlLy
Merengue,Rikarena,Ella es Tan Bella,2dg5usl6OJasRbjvUHOlcF
Merengue,Juan Luis Guerra 4.40,Mi PC,1V9FVEr3vxol6BHZBVOrhK
Merengue,Sandy & Papo,Bueno Pa' Goza,4RACmKVUpZJCx7GSP6pW7X
Merengue,Orquesta Armonia Show,Dos Hombres y un Destino (Cumbia),2gL63ejYB4tHVCRTtmN82c
Merengue,DJ Pana,No Sé (Remix),0rojn5Nt18uYOloamCJiuA
Merengue,Grupo Mania,Siento,1O4NOoocZiVCgNNJOv5MG2
Merengue,Sergio Vargas,Las Mujeres,1Z3ptb0h54HFQAK6Ux61Ai
Merengue,Toño Rosario,El Reloj,2RZFwxo5JrPl8xiVHIKlhs
Merengue,La Banda Gorda,Ella Tiene una Cosa Que Amarra,5KGKwvzYn90lUMx1RBd1sM
Merengue,Miriam Cruz,La Mala Soy Yo,2e1jSveQjQ4YBb1B7zsKmj
Merengue,Eddy Herrera,Amantes Prohibidos,1CYr3G8FTiTLofaoK4wp3p
Merengue,Sandy & Papo,El Alacrán,0rI6R1Bf2q6e2SwSc2KdhD
Merengue,Caña Brava,Dámela Mami,7Bx9FUsaFHBAxBP6y8qaq9
Merengue,Grupo Mania,Marialola,27d3HLy9YzE73wu5cNqV2z
Merengue,La Banda Gorda,Corazón De Nadie,4PtTs7pmraBdfXCYs0qSvn
Merengue,Dionis Fernandez,Ritmo de la Noche,7lnEvTn8dsmaHOuw1qNI1i
Merengue,Compa,Mueve y Sacude,6r1BGYEUf8JokpctyQJJFU
Merengue,Limi-T 21,Como Tú Me Quiere' A Mi,7qeLhfezyIwb3l8AL4ErlF
Merengue,Juan El Talento,Pa Que Lo Baile Así (Remix),0kVWRAoiw8NC4xkIq54aoh
Merengue,Sergio Vargas,Vamos a Dejarlo,294CghilqUVMQrP1QSZH4b
Merengue,El Jeffrey,Demente,7mluVYMX77AfraZjQZaNZP
Merengue,Barbosa,No Me Veran Caer,6Jjr2fRVXtwMQoY94ybm9M
Merengue,Omar Enrique,El Baile Del Sua Sua,5NAX1idNRDhy4iPOD5uHyA
Merengue,Omar Enrique,Cuando El Amor Se Daña,45hnYkSvJ044n8rAgqyPtY
Merengue,Omar Enrique,Asesina,00IM35r7WQQNb9R67JOcw6
Merengue,Bonny Cepeda,Asesina,20wmSxg0vCwdwhXHaS4NxE
Merengue,Omar Enrique,Madre Mía,7gEs81Ucbz01jivr7bhs5h
Merengue,Omar Enrique,Una Fotografía,6e54hNlo3tgQc4eA439HtZ
Merengue,Bonny Cepeda,Una Fotografia,2bzg8wB7kCT9LJTunJ5kHm
Merengue,Omar Enrique,Candela Pa' Los Pies,2TafChl2zsDvm8ZEm2NtJd
Merengue,Omar Enrique,Gozando En Carnaval,6CG6RZycauD8IwT2l3Mh4v
Merengue,Omar Enrique,La Quiero A Morir,6yOZeK7SBiiWUYs7TIbfvB
Merengue,Omar Enrique,Susana,7f7nG5QLBCB2v3XJU3qTxV
Merengue,Omar Enrique,Pégame Tu Vicio,3wcC27pUTV1kG0jKVkAQ4d
Merengue,Sergio Vargas,Madre Mia,7k3SdUUrVfa3mWO62qK9td
Merengue,Elvis Crespo,Déjame Acompañarte,3nZJgabWgODcgjpvu06OrM
Merengue,Gabriel Pagan,Confundido,5s9qThhS2o3TommmmcmoqU
Merengue,Gabriel Pagan,Es Hora de Bailar,3JP0eYP2A5KEmPPgiiXwKZ
Merengue,Gabriel Pagan,Colegiala,6Hc3nlc5BMfLK58NapkLbs
Merengue,Fernando Villalona,Confundido,0MhCXhIUk0T9GMQdkPjWHw
Merengue,Proyecto Uno,Otra Noche (Another Night),2lROtguCNiJcyZxol9aTKi
Merengue,Johnny Ventura,El Tabaco,52GFQEe11bHOKsUefkf1jG
Merengue,Alex Bueno,Colegiala,5p42CNpkqVK9pNOM3iEwpc
Merengue,Gabriel Pagan,Cómo No Amarte,1W3AZGeZHDqlrWWO3ryV8A
Merengue,Elvis Crespo,Píntame,7gNI9f8NTCU6hLV0pLkTT7
Merengue,Eddy Herrera,Y Como Te Olvido,5Pi7YhGmhGUunb82WJKOyT
Merengue,Eddy Herrera,"Bla, Bla, Bla",00euw9eGsr9tRjWrUWXfep
Merengue,Eddy Herrera,Como iba a Saber,0m0PA2ZnRBjwd4bD7GwYFv
Merengue,Eddy Herrera,Adicto A TI,0Kz37ARnp5rsxuqaz2Y2oI
Merengue,Eddy Herrera,Te Lo Pido Mi Amor,3qFBrBs7H2rfWmJZlcAaDy
Merengue,Eddy Herrera,A Beber,7HOxy5XPJQFcf5ElGNzIqs
Merengue,Toño Rosario,La Banquera,06lhzFG4PNNLnfQo2jCzpT
Merengue,Ilegales,El Taqui Taqui - Original Mix,20jvgYvnqySWnNCsHQZnXk
Merengue,Amparo Sandino,Camino del corazón - Remix,4uUBFrrrwgpXzj8bswZMYJ
Merengue,Juan Luis Guerra 4.40,Para Ti,7dyuByrI9Izrw83ybnFBua
Merengue,Proyecto Uno,Brinca,0CsquiIYC2iBBvidDWUc4L
Merengue,Olga Tañón,Muchacho malo,58MAh1fboa0lvwaX2JS0B1
Merengue,Ilegales,Fiesta Caliente,37EJvPSMOhOs46HEyweZNW
Merengue,Juan Luis Guerra 4.40,La Cosquillita,3srURD7HBktaD14VKzctR4
Merengue,Natusha,Dame un Besito - Remix,4ugOgpODesPm18Ge3iTCBD
Merengue,Juan Luis Guerra 4.40,Woman del Callao,6HJaRQMcEoRKW203qyWfqk
Merengue,Olga Tañón,"Brujería Con Chilli: On Fire, Episodio 2",6jhpQItsk0OBlus9hEHfDK
Merengue,La Banda Gorda,Dejen Esos Perros,1k7iH3nX1J21FZWod72Y1D
Merengue,La Banda Gorda,Candela Pura,3ANy9vCGr837iy4ySkU87i
Merengue,La Banda Gorda,No Doy Mi Truco - Nueva Version,6j9bsycfT0BRiCcuU6krkY
Merengue,La Banda Gorda,Que No Se Pare el Mambo - Version Nueva,0IkJLRnkjRnczWOQ4YLVTK
Merengue,La Banda Gorda,Ya Me Cure - Version Nueva,0IHNjXjlkUuUEpXwQ58Gdf
Merengue,La Banda Gorda,Ahí Controlo Yo,70DR4UiuI4qdTAaZUn576R
Merengue,La Banda Gorda,Las Mujeres Son,0UqbLfczYSgUwwHqVbz86m
Merengue,La Banda Gorda,No Voy A Llorar,31Yev4OFkwGGuZdIdB0vTb
Merengue,Manny Cruz,Yo Quisiera Ser,71VHt821vty2PnpluWWcyj
Merengue,Manny Cruz,Dame una Noche,12QHQkz9TjYbrdwU3wKatQ
Merengue,Toño Rosario,Me Olvidé de Vivir,72kalt4mzLfiZ1lvGAN41d
Merengue,Elvis Crespo,Luna Llena,7zOqkF9TUdUPREtkIf1v4Q
Merengue,La Banda Gorda,"Aquí, Pero Allá",5wsVrjuezy1f3nTvHFhnHB
Merengue,Juan Luis Guerra 4.40,El Níagara en Bicicleta,6zFvinO1xYJLGZur2gTXSY
Merengue,Sandy & Papo,La Chica Sexy,1pAGL0j5vRfX1UslURirSr
Merengue,La Banda Gorda,Como Quiera Dicen,7qYTC4UqjCEb17IVNqIJQK
Merengue,Sergio Vargas,Dile,7aRqroLRrcGEKDoPsb6Wbe
Merengue,Sergio Vargas,Vete y Dile,1gcLwCdALFFT5qvpDZgFu7
Merengue,Grupo Mania,Como Baila,14UYF4GOOke5tAhMn3Iy7U
Merengue,Manny Manuel,Pero Que Necesidad,2jEoujjx4k8DnNYoxDzK2f
Merengue,Limi-T 21,Aguántalo Ahí,4MgDySyyX2oXE6Nvny2JFZ
Merengue,Manny Manuel,Los Hombres No Deben Llorar,6X6MoasgebDBTIFyJVyy6D
Merengue,El Combo Dominicano,Darte un Beso,4OpGaGulesvJTF5n1CtyLw
Merengue,Darlyn y Los Herederos,Olvídala,2sH3cHun33vZE1UC11Uq0U
Merengue,Tamarindos,Locos por Amor,5CrfuIblBRT47mfLxS5euo
Merengue,Sergio Vargas,Bala perdida,696dMf953U8Wv48inOMm4v
Merengue,Wamampy,La Gomera Es - Urban Version,5wwOrmJGB30D8m2l0JRVmb
Merengue,Cinema,Mueve y Sacude,0kyHC2L0MkXbKFQ60P3Tko
Merengue,Eddy Herrera,Devuelveme Tus Besos,4iAUJxuHpU1HNe41ABYsy8
Merengue,Olga Tañón,El Jala Jala,2vZEKx19EgAZ8P7AldGNcK
Merengue,Eddy Herrera,Cómo Hago,5f7JDYUGaIIZJsdUKKVKVU
Merengue,La Banda Gorda,Se Prendieron los Motores,3sGwXQ4X0h2Jg9KmLDe87Y
Merengue,Grupo Mania,Ojitos Bellos,1i7vDyb4Z0FeIF7xEuBNEI
Merengue,La Banda Gorda,Dale Mambo,5IN1mMxd6fv4DdDpCEnFo6
Merengue,La Banda Gorda,Pa' Los Que Me Tiran,4OUFFMwlTDHArCy7RH6a5C
Merengue,Sergio Vargas,Anoche Hablamos del Amor,7poVeOAL68RQqVyaZ6S9ow
Merengue,Toño Rosario,Un Buen Perdedor,7oHEmIJtoLEEn3WgBxd9F2
Merengue,Los Hermanos Rosario,Video Clip,3Ll3eYIkZxjv4AOaqpV2LH
Merengue,Sergio Vargas,Que Te Has Creido,5ElrvgfCvdfRbmDR8NaUfG
Merengue,Juan Luis Guerra 4.40,En El Cielo No Hay Hospital,0nbfMNZ35IFiSjXfVgZdmu
Merengue,Sergio Vargas,Si Algún Día la Ves,3E7KCWu2HzLeI4J32B00DR
Merengue,Juan Luis Guerra 4.40,Ojalá Que Llueva Café,34hdSVv86pIWQ0ObwgMnHl
Merengue,Toño Rosario,Donde,3OoiMXkwdEbsSGPrJMGwlv
Merengue,Toño Rosario,Como No Voy a Decir,0KAGBkrLwEss1347jfCFg7
Merengue,Juan Luis Guerra 4.40,Má Pa' Lante Vive Gente,1n8TZuzLCWyTDELCr38TTr
Merengue,Dionis Fernandez,No Se Murio el Amor,1z69rHLTsdQBXTJ0xDfTiv
Merengue,Juan Luis Guerra 4.40,Rosalía,3oKULEJqUz4ytF6L5dNEzC
Merengue,Juan Luis Guerra 4.40,Acompáñeme Civil,5w7NNhcGsxQusQHch3lVaD
Merengue,Juan Luis Guerra 4.40,Viene Bajando,0ZWU2qFBuQDDMy3pFnFlKx
Merengue,La Banda Gorda,Lamento Que Con El,4nqF7FMyCpGwRKxUcKW4Ve
Merengue,La Banda Gorda,I'm Sorry,2MADcFp86tlx9tbujaSrju
Merengue,La Banda Gorda,De la Cintura Pa' Bajo,4kYtfmyjxzB1CWAFFX3ZGt
Merengue,La Banda Gorda,Te Estas Cotizando Caro,3aKKfj2sKkXDPpuw4aQd1L
Merengue,La Banda Gorda,Me Borraste el Chip,0ia98DjWRtal66OwVSCYwr
Merengue,La Banda Gorda,Préndelo,4Qi5AxsKgkpjqV13hd1F48
Merengue,La Banda Gorda,Sigo Enamorado,4ctQCVnxS9GpInUgt7yq2j
Merengue,La Banda Gorda,Dime,64Ib0OmerkNSyzdN2jcCE9
Merengue,La Banda Gorda,Es una Hipócrita,3omraGPZexVe0U5OiMLpjL
Merengue,La Banda Gorda,Por Eso Ta' Sola,2kAZdGHvmQ1oaFD7dZRc0B
Merengue,La Banda Gorda,Te Metiste en Mi Cabeza,1Pqoalsc0jU8kLOhjf9XxN
Merengue,Geovanny Polanco,Amor Divino,1KPLvBacd1Y36ijR7fZHIL
Merengue,Angel Y Khriz,Me Enamore (Remix) [feat. Elvis Crespo & Tito el Bambino],5lw3vLQEd2IJ9nHRKsF65a
Merengue,Orquestas canarias,Parrandero,2klbAYLmZBqgDf9M4C2F8T
Merengue,Fernando Villalona,Me Muero Por Ti,4HXnlZWxvwXnooTWJASJNa
Merengue,El Jeffrey,Hasta el Amanecer,1jn5MzjWzfv4WZ8aocxwWA
Merengue,Juan Luis Guerra 4.40,Caballo Blanco,51kGrYMKum18UsxfaXvsLg
Merengue,Juan Luis Guerra 4.40,Soldado,46BSXQojhY0w7MxU3xD3Xb
Merengue,Sin Fronteras,Mi Grán Noche,5PV6LjO3SFctOjG8gRotyQ
Merengue,Krisspy,El Envidioso,0C8TzgZxboUmfPXSSF9Y5F
Merengue,Olga Tañón,No Hay Cama Pa' Tanta Gente,40vpI6DtJU1EwFpnCrpWcb
Merengue,Tonny Tun Tun,Cuando la Brisa Llega,7JFpBekeywL19vEeuFy2ht
Merengue,Ilegales,Dime Que Si (Remix),5byeBP2r7Wvv4icRLdz5Qa
Merengue,Milly Quezada,De Colores,0sQNzgxIvPWkORf6lU3Rmy
Merengue,Joseph Fonseca,Te Pareces Tanto a Mí,6XPrCsBeqvGoFLKblOqqFE
Merengue,Milly Quezada,Mejor Que A Ti Me Va,7sGvZg5wfTBoWhBNIwDmaF
Merengue,La Banda Gorda,Cero Coro,5sGGzb8mdIQ1cmT09MI7Gs
Merengue,Elvis Crespo,Pégate,4o13TQ0uGuK76u5HtxJnf7
Merengue,Kinito Mendez,La Movie de Su Amigo,0RoRN4o0wDRBkcVFCeYT7K
Merengue,La Banda Gorda,Me Fascina,662NUqSpcqVpOGHMfMsxLi
Merengue,Juan Luis Guerra 4.40,I Love You More,5hdY80BbEclOpXJN1JAp16
Merengue,Gian Marco,El Ritmo de Mi Corazón,6Nmpt6fRu5Yvbfraoe13tx
Merengue,Kevin Florez,Con Ella - Remix,2irs5LroVpUDR36Act6UsS
Merengue,Jalsen Santana,Aunque Tú Digas Que No,5Xtz2ZboiBSqS1dfhlpwTs
Merengue,Omar Enrique,Quién Como Tú?,1ii7Ei1xUXBUJrdZw2r4zS
Merengue,Los Hermanos Rosario,Alo,1iq1xrOXICFCR5MtmpkwMz
Merengue,Oscarito,Yo Quiero Verte,0Nr3oQjrwTELnEyBhGUp2N
Merengue,Gabriel Pagan,A Tan Solo una Hora,2X7RfpTZWgYQzkVzqhphIp
Merengue,Rikarena,El Amor que Soñé,13jcyDpMB7q7QmmEo9F49p
Merengue,Rubby Perez,No Voy a Llorar,7H7MroFzFghvn3J4Cy2xPq
Merengue,El Jeffrey,Que Pena,5mipeT4dEOTg9Eg5b9joME
Merengue,Ramón Orlando,Mas,0vLGHygxyYWgQPIe89bGJD
Merengue,Miriam Cruz,Es Cosa de El,73PUt5bQto0cfqI0ISxxTQ
Merengue,Eddy Herrera,Ahora soy yo,6NctP2d6jdZAOn10E0G2UT
Merengue,Grupo Mania,Hula Hoop,0N02dAX0xwdJSodRuepdQV
Merengue,Los Toros Band,No Pude Quitarte Las Espinas - Merengue,3cvQdojR8IVpHtTrz6E20n
Merengue,Los Hermanos Rosario,Pasarela,4nWQcZu84VTHqWJBac6KMI
Merengue,Mala Fe,Barrera de Envidia,76l5VOCLlzJr93yHv9ZfZx
Merengue,Bad Bunny,Después de la Playa,1dm6z1fWB0cErMszU25dy2
Merengue,Ala Jaza,Reaparece,5aLZctVl7UsmseftxQ50M5
Merengue,Limi-T 21,Quiero Quemar La Pista,38PuJLicgcUTFgb7FqmXaJ
Merengue,Tony Dize,El Doctorado,56TE6fxZAcfQGcMVmezo7B
Merengue,Elvis Crespo,Neverita,3eF6EXYCPhs6ge5MEaYByE
Merengue,Henry Jiménez,Confundido,0L2lVEThxdq3zVfFyLGetd
Merengue,Olga Tañón,Dos Locos - Reload,7qQPxeBE4o5liw00YJv8aw
Merengue,Olga Tañón,Tu Cariñito - Remix,2ItYH6PFZIaGzrYwfrwRs6
Merengue,La Banda Gorda,La Guacherna,7CKqNo2TFyi1oT1iPlqI7x
Merengue,Manny Cruz,Llegaste,5jU9Tj9Mlrwjr2SW5gElJz
Merengue,Eddy Herrera,A Beber - Remix,1JuVdA20hFGqSs07owrgMb
Merengue,Olga Tañón,Los Celos Se Te Notan,66YC8rcYpImTugAA2m2yUb
Merengue,Ramón Orlando,Gotas De Pena,7j9cjdo8bzfdH6NDPvOETe
Merengue,Ramón Orlando,Te Compro Tu Novia,5DrdMZSiRKOVQszXln9VMO
Merengue,Tonny Tun Tun,Vuelve a Mi,2j4FkgTT1ZvFkhuhaI2YFb
Merengue,Eddy Herrera,Pegame Tu Vicio,0DLaQPP83EMpgmbiEuzwM4
Merengue,Sergio Vargas,La Ventanita,5CmVYFZinikaqh9Mf2J1Xl
Merengue,Roberto Antonio,Marejada,2SWWEPZJxuEd4LdKN8PHPR
Merengue,Juan Luis Guerra 4.40,Vale La Pena,7n0CWfUykYywHHRcDTAST9
Merengue,Olga Tañón,Ojalá - Remix,374vQ8K2P5X2MwtVbiRErH
Merengue,Los Hermanos Rosario,Rompecintura,3MSEhf5uEbvq9Oafxhsmu7
Merengue,Olga Tañón,Me Cambio Por Ella,1JREoDI2IZ5SUkPCyIoWVG
Merengue,Sergio Vargas,Mala Memoria,71aYs6YwziN3BSbhqZfR4s
Merengue,Ilegales,Baila,5UXUtmHLB9HqGAO6V2tLQF
Merengue,Sandy & Papo,La Hora de Bailar,1GLr4oIggXZdGelSA4d49Z
Merengue,Wilfrido Vargas,Abusadora,2aDFka2ORQkraeJXkYkGxl
Merengue,Toño Rosario,Que culpa tengo yo,2ZdXeMvQqRv9aEalFlIvpm
Merengue,Los Hermanos Rosario,La Dueña del Swing,4ZF74uJy2XGgVx8TUeYjZ8
Merengue,Olga Tañón,Es Mentiroso,31usVfDz8LKV0J0iZtgsA7
Merengue,Vicente Garcia,Loma de Cayenas,3ARHcfADevNLh3m5oz2TVG
